mother,watch_from,tf,expiry,strike,lot,buys,lots,first_fill,exit,reason,deployed,gross,costs,net,unpriced,legs,exit_detail,target_index
2024-10-16T11:45:00+05:30,2024-10-16T11:45:00+05:30,5m,2024-10-31,25000,25,0,0,,,expired,0,,,,0,[],{},
2024-10-30T13:05:00+05:30,2024-10-31T15:15:00+05:30,5m,2024-11-28,24450,25,1,1,2024-11-06T09:45:00+05:30,2024-11-06T10:00:00+05:30,trail,7825.0,230.0,62.42,167.58,0,"[{""t"": ""2024-11-06T09:45:00+05:30"", ""tf"": ""5m"", ""priced_at"": ""2024-11-06T09:50:00+05:30"", ""index"": 24343.85, ""premium"": 313.0, ""qty"": 25, ""rung"": 1, ""strike"": 24450}]","{""timestamp"": ""2024-11-06T10:00:00+05:30"", ""timeframe"": ""5m"", ""priced_at"": ""2024-11-06T10:00:00+05:30"", ""index_price"": 24343.71, ""option_premium"": 322.2, ""premiums"": {""24450PE"": 322.2}, ""reason"": ""trail""}",24373.62
2024-11-12T12:45:00+05:30,2024-11-12T12:45:00+05:30,5m,2024-11-28,23850,25,1,1,2024-11-19T13:40:00+05:30,2024-11-19T13:55:00+05:30,trail,5017.5,-80.0,56.68,-136.68,0,"[{""t"": ""2024-11-19T13:40:00+05:30"", ""tf"": ""5m"", ""priced_at"": ""2024-11-19T13:45:00+05:30"", ""index"": 23761.05, ""premium"": 200.7, ""qty"": 25, ""rung"": 1, ""strike"": 23850}]","{""timestamp"": ""2024-11-19T13:55:00+05:30"", ""timeframe"": ""5m"", ""priced_at"": ""2024-11-19T13:55:00+05:30"", ""index_price"": 23755.485, ""option_premium"": 197.5, ""premiums"": {""23850PE"": 197.5}, ""reason"": ""trail""}",23817.6
2024-11-13T09:35:00+05:30,2024-11-19T13:55:00+05:30,5m,2024-12-26,23950,25,1,1,2024-11-22T14:15:00+05:30,2024-11-22T14:40:00+05:30,trail,0,,,,1,"[{""t"": ""2024-11-22T14:15:00+05:30"", ""tf"": ""5m"", ""priced_at"": ""2024-11-22T14:20:00+05:30"", ""index"": 23830.8, ""premium"": null, ""qty"": 25, ""rung"": 1, ""strike"": 23950}]","{""timestamp"": ""2024-11-22T14:40:00+05:30"", ""timeframe"": ""5m"", ""priced_at"": ""2024-11-22T14:40:00+05:30"", ""index_price"": 23809.765, ""option_premium"": null, ""premiums"": {""23950PE"": null}, ""reason"": ""trail""}",23818.09
2024-11-22T14:20:00+05:30,2024-11-22T14:40:00+05:30,5m,2024-12-26,24000,25,1,1,2024-11-22T15:00:00+05:30,2024-11-22T15:25:00+05:30,trail,0,,,,1,"[{""t"": ""2024-11-22T15:00:00+05:30"", ""tf"": ""5m"", ""priced_at"": ""2024-11-22T15:05:00+05:30"", ""index"": 23898.95, ""premium"": null, ""qty"": 25, ""rung"": 1, ""strike"": 24000}]","{""timestamp"": ""2024-11-22T15:25:00+05:30"", ""timeframe"": ""5m"", ""priced_at"": ""2024-11-22T15:25:00+05:30"", ""index_price"": 23868.115, ""option_premium"": null, ""premiums"": {""24000PE"": null}, ""reason"": ""trail""}",23889.64
2024-11-22T14:55:00+05:30,2024-11-22T15:25:00+05:30,5m,2024-12-26,24400,25,1,1,2024-11-25T09:30:00+05:30,2024-11-25T13:25:00+05:30,trail,0,,,,1,"[{""t"": ""2024-11-25T09:30:00+05:30"", ""tf"": ""5m"", ""priced_at"": ""2024-11-25T09:35:00+05:30"", ""index"": 24288.6, ""premium"": null, ""qty"": 25, ""rung"": 1, ""strike"": 24400}]","{""timestamp"": ""2024-11-25T13:25:00+05:30"", ""timeframe"": ""5m"", ""priced_at"": ""2024-11-25T13:25:00+05:30"", ""index_price"": 24181.394453124998, ""option_premium"": null, ""premiums"": {""24400PE"": null}, ""reason"": ""trail""}",24196.92
2024-11-25T11:20:00+05:30,2024-11-25T13:25:00+05:30,5m,2024-12-26,24350,25,1,1,2024-11-25T14:50:00+05:30,2024-11-25T15:10:00+05:30,trail,0,,,,1,"[{""t"": ""2024-11-25T14:50:00+05:30"", ""tf"": ""5m"", ""priced_at"": ""2024-11-25T14:55:00+05:30"", ""index"": 24249.25, ""premium"": null, ""qty"": 25, ""rung"": 1, ""strike"": 24350}]","{""timestamp"": ""2024-11-25T15:10:00+05:30"", ""timeframe"": ""5m"", ""priced_at"": ""2024-11-25T15:10:00+05:30"", ""index_price"": 24194.16, ""option_premium"": null, ""premiums"": {""24350PE"": null}, ""reason"": ""trail""}",24269.01
2024-11-25T11:20:00+05:30,2024-11-25T15:10:00+05:30,5m,2024-12-26,24350,25,1,1,2024-11-26T09:45:00+05:30,2024-11-26T10:05:00+05:30,trail,0,,,,1,"[{""t"": ""2024-11-26T09:45:00+05:30"", ""tf"": ""5m"", ""priced_at"": ""2024-11-26T09:50:00+05:30"", ""index"": 24250.8, ""premium"": null, ""qty"": 25, ""rung"": 1, ""strike"": 24350}]","{""timestamp"": ""2024-11-26T10:05:00+05:30"", ""timeframe"": ""5m"", ""priced_at"": ""2024-11-26T10:05:00+05:30"", ""index_price"": 24220.14, ""option_premium"": null, ""premiums"": {""24350PE"": null}, ""reason"": ""trail""}",24270.17
2024-11-25T11:20:00+05:30,2024-11-26T10:05:00+05:30,5m,2024-12-26,24350,25,1,1,2024-11-27T12:25:00+05:30,2024-11-27T12:40:00+05:30,trail,0,,,,1,"[{""t"": ""2024-11-27T12:25:00+05:30"", ""tf"": ""5m"", ""priced_at"": ""2024-11-27T12:30:00+05:30"", ""index"": 24247.0, ""premium"": null, ""qty"": 25, ""rung"": 1, ""strike"": 24350}]","{""timestamp"": ""2024-11-27T12:40:00+05:30"", ""timeframe"": ""5m"", ""priced_at"": ""2024-11-27T12:40:00+05:30"", ""index_price"": 24249.45, ""option_premium"": null, ""premiums"": {""24350PE"": null}, ""reason"": ""trail""}",24267.33
2024-11-25T11:20:00+05:30,2024-11-27T12:40:00+05:30,5m,2024-12-26,24400,25,1,1,2024-11-27T13:00:00+05:30,2024-11-27T13:15:00+05:30,trail,0,,,,1,"[{""t"": ""2024-11-27T13:00:00+05:30"", ""tf"": ""5m"", ""priced_at"": ""2024-11-27T13:05:00+05:30"", ""index"": 24305.45, ""premium"": null, ""qty"": 25, ""rung"": 1, ""strike"": 24400}]","{""timestamp"": ""2024-11-27T13:15:00+05:30"", ""timeframe"": ""5m"", ""priced_at"": ""2024-11-27T13:15:00+05:30"", ""index_price"": 24301.39, ""option_premium"": null, ""premiums"": {""24400PE"": null}, ""reason"": ""trail""}",24311.16
2024-11-25T11:20:00+05:30,2024-11-27T13:15:00+05:30,5m,2024-12-26,24400,25,1,1,2024-11-27T13:40:00+05:30,2024-11-27T14:05:00+05:30,trail,0,,,,1,"[{""t"": ""2024-11-27T13:40:00+05:30"", ""tf"": ""5m"", ""priced_at"": ""2024-11-27T13:45:00+05:30"", ""index"": 24324.2, ""premium"": null, ""qty"": 25, ""rung"": 1, ""strike"": 24400}]","{""timestamp"": ""2024-11-27T14:05:00+05:30"", ""timeframe"": ""5m"", ""priced_at"": ""2024-11-27T14:05:00+05:30"", ""index_price"": 24308.379999999997, ""option_premium"": null, ""premiums"": {""24400PE"": null}, ""reason"": ""trail""}",24325.22
2024-11-27T13:50:00+05:30,2024-11-27T14:05:00+05:30,5m,2024-12-26,24400,25,1,1,2024-11-28T10:05:00+05:30,2024-11-28T10:25:00+05:30,trail,0,,,,1,"[{""t"": ""2024-11-28T10:05:00+05:30"", ""tf"": ""5m"", ""priced_at"": ""2024-11-28T10:10:00+05:30"", ""index"": 24314.55, ""premium"": null, ""qty"": 25, ""rung"": 1, ""strike"": 24400}]","{""timestamp"": ""2024-11-28T10:25:00+05:30"", ""timeframe"": ""5m"", ""priced_at"": ""2024-11-28T10:25:00+05:30"", ""index_price"": 24311.26, ""option_premium"": null, ""premiums"": {""24400PE"": null}, ""reason"": ""trail""}",24319.42
2024-11-27T13:50:00+05:30,2024-11-28T10:25:00+05:30,5m,2024-12-26,24400,25,1,1,2024-12-02T14:45:00+05:30,2024-12-02T15:00:00+05:30,trail,0,,,,1,"[{""t"": ""2024-12-02T14:45:00+05:30"", ""tf"": ""5m"", ""priced_at"": ""2024-12-02T14:50:00+05:30"", ""index"": 24282.25, ""premium"": null, ""qty"": 25, ""rung"": 1, ""strike"": 24400}]","{""timestamp"": ""2024-12-02T15:00:00+05:30"", ""timeframe"": ""5m"", ""priced_at"": ""2024-12-02T15:00:00+05:30"", ""index_price"": 24261.635, ""option_premium"": null, ""premiums"": {""24400PE"": null}, ""reason"": ""trail""}",24295.2
2024-11-27T13:50:00+05:30,2024-12-02T15:00:00+05:30,5m,2024-12-26,24400,25,1,1,2024-12-02T15:10:00+05:30,2024-12-02T15:25:00+05:30,trail,0,,,,1,"[{""t"": ""2024-12-02T15:10:00+05:30"", ""tf"": ""5m"", ""priced_at"": ""2024-12-02T15:15:00+05:30"", ""index"": 24280.7, ""premium"": null, ""qty"": 25, ""rung"": 1, ""strike"": 24400}]","{""timestamp"": ""2024-12-02T15:25:00+05:30"", ""timeframe"": ""5m"", ""priced_at"": ""2024-12-02T15:25:00+05:30"", ""index_price"": 24265.510000000002, ""option_premium"": null, ""premiums"": {""24400PE"": null}, ""reason"": ""trail""}",24294.04
2024-11-27T13:50:00+05:30,2024-12-02T15:25:00+05:30,5m,2024-12-26,24400,25,1,1,2024-12-03T09:40:00+05:30,2024-12-03T09:55:00+05:30,trail,0,,,,1,"[{""t"": ""2024-12-03T09:40:00+05:30"", ""tf"": ""5m"", ""priced_at"": ""2024-12-03T09:45:00+05:30"", ""index"": 24307.2, ""premium"": null, ""qty"": 25, ""rung"": 1, ""strike"": 24400}]","{""timestamp"": ""2024-12-03T09:55:00+05:30"", ""timeframe"": ""5m"", ""priced_at"": ""2024-12-03T09:55:00+05:30"", ""index_price"": 24302.195, ""option_premium"": null, ""premiums"": {""24400PE"": null}, ""reason"": ""trail""}",24313.91
2024-12-03T09:15:00+05:30,2024-12-03T09:55:00+05:30,5m,2024-12-26,24450,25,3,6,2024-12-03T10:10:00+05:30,2024-12-04T12:05:00+05:30,trail,0,,,,3,"[{""t"": ""2024-12-03T10:10:00+05:30"", ""tf"": ""5m"", ""priced_at"": ""2024-12-03T10:15:00+05:30"", ""index"": 24337.85, ""premium"": null, ""qty"": 25, ""rung"": 1, ""strike"": 24450}, {""t"": ""2024-12-03T10:45:00+05:30"", ""tf"": ""15m"", ""priced_at"": ""2024-12-03T11:00:00+05:30"", ""index"": 24395.5, ""premium"": null, ""qty"": 50, ""rung"": 2, ""strike"": 24500}, {""t"": ""2024-12-03T12:15:00+05:30"", ""tf"": ""1h"", ""priced_at"": ""2024-12-03T13:15:00+05:30"", ""index"": 24416.75, ""premium"": null, ""qty"": 75, ""rung"": 3, ""strike"": 24500}]","{""timestamp"": ""2024-12-04T12:05:00+05:30"", ""timeframe"": ""5m"", ""priced_at"": ""2024-12-04T12:05:00+05:30"", ""index_price"": 24375.366546875, ""option_premium"": null, ""premiums"": {""24450PE"": null, ""24500PE"": null}, ""reason"": ""trail""}",24373.23
2024-12-04T10:05:00+05:30,2024-12-04T12:05:00+05:30,5m,2024-12-26,24600,25,1,1,2024-12-04T12:30:00+05:30,2024-12-04T12:50:00+05:30,trail,0,,,,1,"[{""t"": ""2024-12-04T12:30:00+05:30"", ""tf"": ""5m"", ""priced_at"": ""2024-12-04T12:35:00+05:30"", ""index"": 24475.2, ""premium"": null, ""qty"": 25, ""rung"": 1, ""strike"": 24600}]","{""timestamp"": ""2024-12-04T12:50:00+05:30"", ""timeframe"": ""5m"", ""priced_at"": ""2024-12-04T12:50:00+05:30"", ""index_price"": 24445.03, ""option_premium"": null, ""premiums"": {""24600PE"": null}, ""reason"": ""trail""}",24494.19
2024-12-04T10:05:00+05:30,2024-12-04T12:50:00+05:30,5m,2024-12-26,24550,25,1,1,2024-12-04T13:05:00+05:30,2024-12-04T13:20:00+05:30,trail,0,,,,1,"[{""t"": ""2024-12-04T13:05:00+05:30"", ""tf"": ""5m"", ""priced_at"": ""2024-12-04T13:10:00+05:30"", ""index"": 24471.65, ""premium"": null, ""qty"": 25, ""rung"": 1, ""strike"": 24550}]","{""timestamp"": ""2024-12-04T13:20:00+05:30"", ""timeframe"": ""5m"", ""priced_at"": ""2024-12-04T13:20:00+05:30"", ""index_price"": 24467.555, ""option_premium"": null, ""premiums"": {""24550PE"": null}, ""reason"": ""trail""}",24491.53
2024-12-04T10:05:00+05:30,2024-12-04T13:20:00+05:30,5m,2024-12-26,24600,25,1,1,2024-12-04T13:40:00+05:30,2024-12-04T13:55:00+05:30,trail,0,,,,1,"[{""t"": ""2024-12-04T13:40:00+05:30"", ""tf"": ""5m"", ""priced_at"": ""2024-12-04T13:45:00+05:30"", ""index"": 24513.45, ""premium"": null, ""qty"": 25, ""rung"": 1, ""strike"": 24600}]","{""timestamp"": ""2024-12-04T13:55:00+05:30"", ""timeframe"": ""5m"", ""priced_at"": ""2024-12-04T13:55:00+05:30"", ""index_price"": 24507.185, ""option_premium"": null, ""premiums"": {""24600PE"": null}, ""reason"": ""trail""}",24522.88
2024-12-04T10:05:00+05:30,2024-12-04T13:55:00+05:30,5m,2024-12-26,24650,25,1,1,2024-12-04T14:15:00+05:30,2024-12-04T14:45:00+05:30,trail,0,,,,1,"[{""t"": ""2024-12-04T14:15:00+05:30"", ""tf"": ""5m"", ""priced_at"": ""2024-12-04T14:20:00+05:30"", ""index"": 24531.8, ""premium"": null, ""qty"": 25, ""rung"": 1, ""strike"": 24650}]","{""timestamp"": ""2024-12-04T14:45:00+05:30"", ""timeframe"": ""5m"", ""priced_at"": ""2024-12-04T14:45:00+05:30"", ""index_price"": 24464.215, ""option_premium"": null, ""premiums"": {""24650PE"": null}, ""reason"": ""trail""}",24536.64
2024-12-04T10:05:00+05:30,2024-12-04T14:45:00+05:30,5m,2024-12-26,24600,25,1,1,2024-12-04T15:25:00+05:30,2024-12-05T09:25:00+05:30,trail,0,,,,1,"[{""t"": ""2024-12-04T15:25:00+05:30"", ""tf"": ""5m"", ""priced_at"": ""2024-12-04T15:30:00+05:30"", ""index"": 24476.7, ""premium"": null, ""qty"": 25, ""rung"": 1, ""strike"": 24600}]","{""timestamp"": ""2024-12-05T09:25:00+05:30"", ""timeframe"": ""5m"", ""priced_at"": ""2024-12-05T09:25:00+05:30"", ""index_price"": 24476.245546875, ""option_premium"": null, ""premiums"": {""24600PE"": null}, ""reason"": ""trail""}",24495.31
2024-12-04T10:05:00+05:30,2024-12-05T09:25:00+05:30,5m,2024-12-26,24600,25,1,1,2024-12-05T09:35:00+05:30,2024-12-05T10:25:00+05:30,trail,0,,,,1,"[{""t"": ""2024-12-05T09:35:00+05:30"", ""tf"": ""5m"", ""priced_at"": ""2024-12-05T09:40:00+05:30"", ""index"": 24513.8, ""premium"": null, ""qty"": 25, ""rung"": 1, ""strike"": 24600}]","{""timestamp"": ""2024-12-05T10:25:00+05:30"", ""timeframe"": ""5m"", ""priced_at"": ""2024-12-05T10:25:00+05:30"", ""index_price"": 24412.020273437498, ""option_premium"": null, ""premiums"": {""24600PE"": null}, ""reason"": ""trail""}",24523.14
2024-12-04T10:05:00+05:30,2024-12-05T10:25:00+05:30,5m,2024-12-26,24700,25,1,1,2024-12-05T12:20:00+05:30,2024-12-05T12:55:00+05:30,trail,0,,,,1,"[{""t"": ""2024-12-05T12:20:00+05:30"", ""tf"": ""5m"", ""priced_at"": ""2024-12-05T12:25:00+05:30"", ""index"": 24589.9, ""premium"": null, ""qty"": 25, ""rung"": 1, ""strike"": 24700}]","{""timestamp"": ""2024-12-05T12:55:00+05:30"", ""timeframe"": ""5m"", ""priced_at"": ""2024-12-05T12:55:00+05:30"", ""index_price"": 24569.495, ""option_premium"": null, ""premiums"": {""24700PE"": null}, ""reason"": ""trail""}",24580.21
2024-12-05T12:15:00+05:30,2024-12-05T12:55:00+05:30,5m,2024-12-26,24700,25,1,1,2024-12-05T13:05:00+05:30,2024-12-05T13:20:00+05:30,trail,0,,,,1,"[{""t"": ""2024-12-05T13:05:00+05:30"", ""tf"": ""5m"", ""priced_at"": ""2024-12-05T13:10:00+05:30"", ""index"": 24594.75, ""premium"": null, ""qty"": 25, ""rung"": 1, ""strike"": 24700}]","{""timestamp"": ""2024-12-05T13:20:00+05:30"", ""timeframe"": ""5m"", ""priced_at"": ""2024-12-05T13:20:00+05:30"", ""index_price"": 24589.43, ""option_premium"": null, ""premiums"": {""24700PE"": null}, ""reason"": ""trail""}",24593.11
2024-12-05T13:15:00+05:30,2024-12-05T13:20:00+05:30,5m,2024-12-26,24750,25,2,3,2024-12-05T14:00:00+05:30,2024-12-05T15:05:00+05:30,trail,0,,,,2,"[{""t"": ""2024-12-05T14:00:00+05:30"", ""tf"": ""5m"", ""priced_at"": ""2024-12-05T14:05:00+05:30"", ""index"": 24650.7, ""premium"": null, ""qty"": 25, ""rung"": 1, ""strike"": 24750}, {""t"": ""2024-12-05T14:45:00+05:30"", ""tf"": ""15m"", ""priced_at"": ""2024-12-05T15:00:00+05:30"", ""index"": 24736.8, ""premium"": null, ""qty"": 50, ""rung"": 2, ""strike"": 24850}]","{""timestamp"": ""2024-12-05T15:05:00+05:30"", ""timeframe"": ""5m"", ""priced_at"": ""2024-12-05T15:05:00+05:30"", ""index_price"": 24558.965, ""option_premium"": null, ""premiums"": {""24750PE"": null, ""24850PE"": null}, ""reason"": ""trail""}",24686.42
2024-12-05T14:35:00+05:30,2024-12-05T15:05:00+05:30,5m,2024-12-26,24800,25,1,1,2024-12-05T15:25:00+05:30,2024-12-06T09:25:00+05:30,trail,0,,,,1,"[{""t"": ""2024-12-05T15:25:00+05:30"", ""tf"": ""5m"", ""priced_at"": ""2024-12-05T15:30:00+05:30"", ""index"": 24717.85, ""premium"": null, ""qty"": 25, ""rung"": 1, ""strike"": 24800}]","{""timestamp"": ""2024-12-06T09:25:00+05:30"", ""timeframe"": ""5m"", ""priced_at"": ""2024-12-06T09:25:00+05:30"", ""index_price"": 24693.419453125, ""option_premium"": null, ""premiums"": {""24800PE"": null}, ""reason"": ""trail""}",24740.99
2024-12-05T14:35:00+05:30,2024-12-06T09:25:00+05:30,5m,2024-12-26,24800,25,1,1,2024-12-06T09:55:00+05:30,2024-12-06T10:15:00+05:30,trail,0,,,,1,"[{""t"": ""2024-12-06T09:55:00+05:30"", ""tf"": ""5m"", ""priced_at"": ""2024-12-06T10:00:00+05:30"", ""index"": 24705.75, ""premium"": null, ""qty"": 25, ""rung"": 1, ""strike"": 24800}]","{""timestamp"": ""2024-12-06T10:15:00+05:30"", ""timeframe"": ""5m"", ""priced_at"": ""2024-12-06T10:15:00+05:30"", ""index_price"": 24649.4, ""option_premium"": null, ""premiums"": {""24800PE"": null}, ""reason"": ""trail""}",24731.91
2024-12-05T14:35:00+05:30,2024-12-06T10:15:00+05:30,5m,2024-12-26,24800,25,1,1,2024-12-06T10:30:00+05:30,2024-12-06T10:45:00+05:30,trail,0,,,,1,"[{""t"": ""2024-12-06T10:30:00+05:30"", ""tf"": ""5m"", ""priced_at"": ""2024-12-06T10:35:00+05:30"", ""index"": 24702.45, ""premium"": null, ""qty"": 25, ""rung"": 1, ""strike"": 24800}]","{""timestamp"": ""2024-12-06T10:45:00+05:30"", ""timeframe"": ""5m"", ""priced_at"": ""2024-12-06T10:45:00+05:30"", ""index_price"": 24692.895, ""option_premium"": null, ""premiums"": {""24800PE"": null}, ""reason"": ""trail""}",24729.44
2024-12-05T14:35:00+05:30,2024-12-06T10:45:00+05:30,5m,2024-12-26,24800,25,1,1,2024-12-06T11:10:00+05:30,2024-12-06T11:40:00+05:30,trail,0,,,,1,"[{""t"": ""2024-12-06T11:10:00+05:30"", ""tf"": ""5m"", ""priced_at"": ""2024-12-06T11:15:00+05:30"", ""index"": 24724.15, ""premium"": null, ""qty"": 25, ""rung"": 1, ""strike"": 24800}]","{""timestamp"": ""2024-12-06T11:40:00+05:30"", ""timeframe"": ""5m"", ""priced_at"": ""2024-12-06T11:40:00+05:30"", ""index_price"": 24684.81, ""option_premium"": null, ""premiums"": {""24800PE"": null}, ""reason"": ""trail""}",24745.71
2024-12-05T14:35:00+05:30,2024-12-06T11:40:00+05:30,5m,2024-12-26,24800,25,1,1,2024-12-06T12:05:00+05:30,2024-12-06T12:25:00+05:30,trail,0,,,,1,"[{""t"": ""2024-12-06T12:05:00+05:30"", ""tf"": ""5m"", ""priced_at"": ""2024-12-06T12:10:00+05:30"", ""index"": 24706.3, ""premium"": null, ""qty"": 25, ""rung"": 1, ""strike"": 24800}]","{""timestamp"": ""2024-12-06T12:25:00+05:30"", ""timeframe"": ""5m"", ""priced_at"": ""2024-12-06T12:25:00+05:30"", ""index_price"": 24689.08, ""option_premium"": null, ""premiums"": {""24800PE"": null}, ""reason"": ""trail""}",24732.33
2024-12-05T14:35:00+05:30,2024-12-06T12:25:00+05:30,5m,2024-12-26,24800,25,1,1,2024-12-06T12:35:00+05:30,2024-12-06T12:50:00+05:30,trail,0,,,,1,"[{""t"": ""2024-12-06T12:35:00+05:30"", ""tf"": ""5m"", ""priced_at"": ""2024-12-06T12:40:00+05:30"", ""index"": 24710.8, ""premium"": null, ""qty"": 25, ""rung"": 1, ""strike"": 24800}]","{""timestamp"": ""2024-12-06T12:50:00+05:30"", ""timeframe"": ""5m"", ""priced_at"": ""2024-12-06T12:50:00+05:30"", ""index_price"": 24706.53, ""option_premium"": null, ""premiums"": {""24800PE"": null}, ""reason"": ""trail""}",24735.7
2024-12-05T14:35:00+05:30,2024-12-06T12:50:00+05:30,5m,2024-12-26,24800,25,1,1,2024-12-13T13:50:00+05:30,2024-12-13T14:05:00+05:30,trail,0,,,,1,"[{""t"": ""2024-12-13T13:50:00+05:30"", ""tf"": ""5m"", ""priced_at"": ""2024-12-13T13:55:00+05:30"", ""index"": 24720.75, ""premium"": null, ""qty"": 25, ""rung"": 1, ""strike"": 24800}]","{""timestamp"": ""2024-12-13T14:05:00+05:30"", ""timeframe"": ""5m"", ""priced_at"": ""2024-12-13T14:05:00+05:30"", ""index_price"": 24711.615, ""option_premium"": null, ""premiums"": {""24800PE"": null}, ""reason"": ""trail""}",24743.16
2024-12-13T13:50:00+05:30,2024-12-13T14:05:00+05:30,5m,2024-12-26,24850,25,1,1,2024-12-13T14:20:00+05:30,2024-12-13T14:45:00+05:30,trail,0,,,,1,"[{""t"": ""2024-12-13T14:20:00+05:30"", ""tf"": ""5m"", ""priced_at"": ""2024-12-13T14:25:00+05:30"", ""index"": 24739.25, ""premium"": null, ""qty"": 25, ""rung"": 1, ""strike"": 24850}]","{""timestamp"": ""2024-12-13T14:45:00+05:30"", ""timeframe"": ""5m"", ""priced_at"": ""2024-12-13T14:45:00+05:30"", ""index_price"": 24722.275, ""option_premium"": null, ""premiums"": {""24850PE"": null}, ""reason"": ""trail""}",24734.58
2024-12-13T14:30:00+05:30,2024-12-13T14:45:00+05:30,5m,2024-12-26,24900,25,1,1,2024-12-13T15:25:00+05:30,2024-12-16T09:45:00+05:30,trail,0,,,,1,"[{""t"": ""2024-12-13T15:25:00+05:30"", ""tf"": ""5m"", ""priced_at"": ""2024-12-13T15:30:00+05:30"", ""index"": 24787.5, ""premium"": null, ""qty"": 25, ""rung"": 1, ""strike"": 24900}]","{""timestamp"": ""2024-12-16T09:45:00+05:30"", ""timeframe"": ""5m"", ""priced_at"": ""2024-12-16T09:45:00+05:30"", ""index_price"": 24713.1947265625, ""option_premium"": null, ""premiums"": {""24900PE"": null}, ""reason"": ""trail""}",24779.0
2024-12-13T15:20:00+05:30,2024-12-16T09:45:00+05:30,5m,2025-01-30,24850,25,1,1,2024-12-16T09:55:00+05:30,2024-12-16T10:10:00+05:30,trail,9836.25,-111.25,65.84,-177.09,0,"[{""t"": ""2024-12-16T09:55:00+05:30"", ""tf"": ""5m"", ""priced_at"": ""2024-12-16T10:00:00+05:30"", ""index"": 24754.25, ""premium"": 393.45, ""qty"": 25, ""rung"": 1, ""strike"": 24850}]","{""timestamp"": ""2024-12-16T10:10:00+05:30"", ""timeframe"": ""5m"", ""priced_at"": ""2024-12-16T10:10:00+05:30"", ""index_price"": 24723.835, ""option_premium"": 389.0, ""premiums"": {""24850PE"": 389.0}, ""reason"": ""trail""}",24758.05
2024-12-13T15:20:00+05:30,2024-12-16T10:10:00+05:30,5m,2025-01-30,24800,25,1,1,2024-12-16T10:45:00+05:30,2024-12-16T11:10:00+05:30,trail,10216.25,133.75,66.87,66.88,0,"[{""t"": ""2024-12-16T10:45:00+05:30"", ""tf"": ""5m"", ""priced_at"": ""2024-12-16T10:50:00+05:30"", ""index"": 24675.2, ""premium"": 408.65, ""qty"": 25, ""rung"": 1, ""strike"": 24800}]","{""timestamp"": ""2024-12-16T11:10:00+05:30"", ""timeframe"": ""5m"", ""priced_at"": ""2024-12-16T11:10:00+05:30"", ""index_price"": 24656.335, ""option_premium"": 414.0, ""premiums"": {""24800PE"": 414.0}, ""reason"": ""trail""}",24698.76
2024-12-18T12:35:00+05:30,2024-12-18T12:35:00+05:30,5m,2025-01-30,24000,25,1,1,2024-12-27T10:05:00+05:30,2024-12-27T10:20:00+05:30,trail,8560.0,-305.0,63.16,-368.16,0,"[{""t"": ""2024-12-27T10:05:00+05:30"", ""tf"": ""5m"", ""priced_at"": ""2024-12-27T10:10:00+05:30"", ""index"": 23918.4, ""premium"": 342.4, ""qty"": 25, ""rung"": 1, ""strike"": 24000}]","{""timestamp"": ""2024-12-27T10:20:00+05:30"", ""timeframe"": ""5m"", ""priced_at"": ""2024-12-27T10:20:00+05:30"", ""index_price"": 23915.145, ""option_premium"": 330.2, ""premiums"": {""24000PE"": 330.2}, ""reason"": ""trail""}",23979.43
2024-12-27T10:15:00+05:30,2024-12-27T10:20:00+05:30,5m,2025-01-30,24050,25,1,1,2024-12-27T10:40:00+05:30,2024-12-27T11:15:00+05:30,trail,8892.5,-38.75,64.13,-102.88,0,"[{""t"": ""2024-12-27T10:40:00+05:30"", ""tf"": ""5m"", ""priced_at"": ""2024-12-27T10:45:00+05:30"", ""index"": 23927.6, ""premium"": 355.7, ""qty"": 25, ""rung"": 1, ""strike"": 24050}]","{""timestamp"": ""2024-12-27T11:15:00+05:30"", ""timeframe"": ""5m"", ""priced_at"": ""2024-12-27T11:15:00+05:30"", ""index_price"": 23897.43, ""option_premium"": 354.15, ""premiums"": {""24050PE"": 354.15}, ""reason"": ""trail""}",23925.97
2024-12-27T10:15:00+05:30,2024-12-27T11:15:00+05:30,5m,2025-01-30,24000,25,1,1,2024-12-30T11:55:00+05:30,2024-12-30T12:10:00+05:30,trail,8728.75,16.25,63.88,-47.63,0,"[{""t"": ""2024-12-30T11:55:00+05:30"", ""tf"": ""5m"", ""priced_at"": ""2024-12-30T12:00:00+05:30"", ""index"": 23890.4, ""premium"": 349.15, ""qty"": 25, ""rung"": 1, ""strike"": 24000}]","{""timestamp"": ""2024-12-30T12:10:00+05:30"", ""timeframe"": ""5m"", ""priced_at"": ""2024-12-30T12:10:00+05:30"", ""index_price"": 23874.37, ""option_premium"": 349.8, ""premiums"": {""24000PE"": 349.8}, ""reason"": ""trail""}",23898.08
2024-12-27T10:15:00+05:30,2024-12-30T12:10:00+05:30,5m,2025-01-30,23900,25,1,1,2025-01-02T09:45:00+05:30,2025-01-02T10:00:00+05:30,trail,9078.75,-291.25,64.16,-355.41,0,"[{""t"": ""2025-01-02T09:45:00+05:30"", ""tf"": ""5m"", ""priced_at"": ""2025-01-02T09:50:00+05:30"", ""index"": 23815.05, ""premium"": 363.15, ""qty"": 25, ""rung"": 1, ""strike"": 23900}]","{""timestamp"": ""2025-01-02T10:00:00+05:30"", ""timeframe"": ""5m"", ""priced_at"": ""2025-01-02T10:00:00+05:30"", ""index_price"": 23798.774999999998, ""option_premium"": 351.5, ""premiums"": {""23900PE"": 351.5}, ""reason"": ""trail""}",23841.56
2024-12-30T11:50:00+05:30,2025-01-02T10:00:00+05:30,5m,2025-01-30,23950,75,1,1,2025-01-02T10:10:00+05:30,2025-01-02T10:25:00+05:30,trail,27967.5,-1301.25,98.94,-1400.19,0,"[{""t"": ""2025-01-02T10:10:00+05:30"", ""tf"": ""5m"", ""priced_at"": ""2025-01-02T10:15:00+05:30"", ""index"": 23837.35, ""premium"": 372.9, ""qty"": 75, ""rung"": 1, ""strike"": 23950}]","{""timestamp"": ""2025-01-02T10:25:00+05:30"", ""timeframe"": ""5m"", ""priced_at"": ""2025-01-02T10:25:00+05:30"", ""index_price"": 23832.625, ""option_premium"": 355.55, ""premiums"": {""23950PE"": 355.55}, ""reason"": ""trail""}",23850.77
2024-12-30T11:50:00+05:30,2025-01-02T10:25:00+05:30,5m,2025-01-30,24000,75,3,6,2025-01-02T10:45:00+05:30,2025-01-03T15:15:00+05:30,trail,174142.5,-11486.25,459.52,-11945.77,0,"[{""t"": ""2025-01-02T10:45:00+05:30"", ""tf"": ""5m"", ""priced_at"": ""2025-01-02T10:50:00+05:30"", ""index"": 23878.5, ""premium"": 359.4, ""qty"": 75, ""rung"": 1, ""strike"": 24000}, {""t"": ""2025-01-02T11:15:00+05:30"", ""tf"": ""15m"", ""priced_at"": ""2025-01-02T11:30:00+05:30"", ""index"": 23932.75, ""premium"": 358.0, ""qty"": 150, ""rung"": 2, ""strike"": 24050}, {""t"": ""2025-01-03T09:15:00+05:30"", ""tf"": ""1h"", ""priced_at"": ""2025-01-03T10:15:00+05:30"", ""index"": 24144.7, ""premium"": 415.5, ""qty"": 225, ""rung"": 3, ""strike"": 24250}]","{""timestamp"": ""2025-01-03T15:15:00+05:30"", ""timeframe"": ""5m"", ""priced_at"": ""2025-01-03T15:15:00+05:30"", ""index_price"": 23992.104, ""option_premium"": 295.2, ""premiums"": {""24000PE"": 295.2, ""24050PE"": 311.95, ""24250PE"": 416.55}, ""reason"": ""trail""}",23995.02
2025-01-02T14:55:00+05:30,2025-01-03T15:15:00+05:30,5m,2025-01-30,24300,75,0,0,,,expired,0,,,,0,[],{},
2025-01-30T10:30:00+05:30,2025-01-30T15:15:00+05:30,5m,2025-02-27,23400,75,3,6,2025-01-31T09:15:00+05:30,2025-02-01T12:45:00+05:30,trail,185707.5,-27495.0,461.55,-27956.55,0,"[{""t"": ""2025-01-31T09:15:00+05:30"", ""tf"": ""5m"", ""priced_at"": ""2025-01-31T09:20:00+05:30"", ""index"": 23281.05, ""premium"": 434.4, ""qty"": 75, ""rung"": 1, ""strike"": 23400}, {""t"": ""2025-01-31T10:00:00+05:30"", ""tf"": ""15m"", ""priced_at"": ""2025-01-31T10:15:00+05:30"", ""index"": 23349.45, ""premium"": 423.25, ""qty"": 150, ""rung"": 2, ""strike"": 23450}, {""t"": ""2025-01-31T13:15:00+05:30"", ""tf"": ""1h"", ""priced_at"": ""2025-01-31T14:15:00+05:30"", ""index"": 23444.2, ""premium"": 398.4, ""qty"": 225, ""rung"": 3, ""strike"": 23550}]","{""timestamp"": ""2025-02-01T12:45:00+05:30"", ""timeframe"": ""5m"", ""priced_at"": ""2025-02-01T12:45:00+05:30"", ""index_price"": 23357.861546875, ""option_premium"": 311.25, ""premiums"": {""23400PE"": 311.25, ""23450PE"": 332.05, ""23550PE"": 378.05}, ""reason"": ""trail""}",23361.05
2025-02-01T11:35:00+05:30,2025-02-01T12:45:00+05:30,5m,2025-02-27,23600,75,1,1,2025-02-01T14:00:00+05:30,2025-02-01T14:15:00+05:30,trail,26992.5,-1158.75,97.26,-1256.01,0,"[{""t"": ""2025-02-01T14:00:00+05:30"", ""tf"": ""5m"", ""priced_at"": ""2025-02-01T14:05:00+05:30"", ""index"": 23495.05, ""premium"": 359.9, ""qty"": 75, ""rung"": 1, ""strike"": 23600}]","{""timestamp"": ""2025-02-01T14:15:00+05:30"", ""timeframe"": ""5m"", ""priced_at"": ""2025-02-01T14:15:00+05:30"", ""index_price"": 23487.0, ""option_premium"": 344.45, ""premiums"": {""23600PE"": 344.45}, ""reason"": ""trail""}",23512.47
2025-02-01T11:35:00+05:30,2025-02-01T14:15:00+05:30,5m,2025-02-27,23650,75,1,1,2025-02-01T14:30:00+05:30,2025-02-01T14:50:00+05:30,trail,28777.5,-1402.5,100.36,-1502.86,0,"[{""t"": ""2025-02-01T14:30:00+05:30"", ""tf"": ""5m"", ""priced_at"": ""2025-02-01T14:35:00+05:30"", ""index"": 23525.15, ""premium"": 383.7, ""qty"": 75, ""rung"": 1, ""strike"": 23650}]","{""timestamp"": ""2025-02-01T14:50:00+05:30"", ""timeframe"": ""5m"", ""priced_at"": ""2025-02-01T14:50:00+05:30"", ""index_price"": 23476.010000000002, ""option_premium"": 365.0, ""premiums"": {""23650PE"": 365.0}, ""reason"": ""trail""}",23535.05
2025-02-01T11:35:00+05:30,2025-02-01T14:50:00+05:30,5m,2025-02-27,23600,75,1,1,2025-02-04T09:30:00+05:30,2025-02-04T09:45:00+05:30,trail,25181.25,-1762.5,93.06,-1855.56,0,"[{""t"": ""2025-02-04T09:30:00+05:30"", ""tf"": ""5m"", ""priced_at"": ""2025-02-04T09:35:00+05:30"", ""index"": 23506.0, ""premium"": 335.75, ""qty"": 75, ""rung"": 1, ""strike"": 23600}]","{""timestamp"": ""2025-02-04T09:45:00+05:30"", ""timeframe"": ""5m"", ""priced_at"": ""2025-02-04T09:45:00+05:30"", ""index_price"": 23506.98, ""option_premium"": 312.25, ""premiums"": {""23600PE"": 312.25}, ""reason"": ""trail""}",23520.69
2025-02-01T11:35:00+05:30,2025-02-04T09:45:00+05:30,5m,2025-02-27,23650,75,1,1,2025-02-04T11:25:00+05:30,2025-02-04T11:40:00+05:30,trail,26343.75,-1042.5,96.16,-1138.66,0,"[{""t"": ""2025-02-04T11:25:00+05:30"", ""tf"": ""5m"", ""priced_at"": ""2025-02-04T11:30:00+05:30"", ""index"": 23525.35, ""premium"": 351.25, ""qty"": 75, ""rung"": 1, ""strike"": 23650}]","{""timestamp"": ""2025-02-04T11:40:00+05:30"", ""timeframe"": ""5m"", ""priced_at"": ""2025-02-04T11:40:00+05:30"", ""index_price"": 23527.135000000002, ""option_premium"": 337.35, ""premiums"": {""23650PE"": 337.35}, ""reason"": ""trail""}",23535.2
2025-02-01T11:35:00+05:30,2025-02-04T11:40:00+05:30,5m,2025-02-27,23700,75,1,1,2025-02-04T12:50:00+05:30,2025-02-04T13:15:00+05:30,trail,25920.0,-945.0,95.47,-1040.47,0,"[{""t"": ""2025-02-04T12:50:00+05:30"", ""tf"": ""5m"", ""priced_at"": ""2025-02-04T12:55:00+05:30"", ""index"": 23598.1, ""premium"": 345.6, ""qty"": 75, ""rung"": 1, ""strike"": 23700}]","{""timestamp"": ""2025-02-04T13:15:00+05:30"", ""timeframe"": ""5m"", ""priced_at"": ""2025-02-04T13:15:00+05:30"", ""index_price"": 23585.989999999998, ""option_premium"": 333.0, ""premiums"": {""23700PE"": 333.0}, ""reason"": ""trail""}",23589.76
2025-02-04T13:15:00+05:30,2025-02-04T13:15:00+05:30,5m,2025-02-27,23750,75,2,3,2025-02-04T13:30:00+05:30,2025-02-04T14:20:00+05:30,trail,77238.75,948.75,219.39,729.36,0,"[{""t"": ""2025-02-04T13:30:00+05:30"", ""tf"": ""5m"", ""priced_at"": ""2025-02-04T13:35:00+05:30"", ""index"": 23644.1, ""premium"": 336.15, ""qty"": 75, ""rung"": 1, ""strike"": 23750}, {""t"": ""2025-02-04T14:00:00+05:30"", ""tf"": ""15m"", ""priced_at"": ""2025-02-04T14:15:00+05:30"", ""index"": 23670.55, ""premium"": 346.85, ""qty"": 150, ""rung"": 2, ""strike"": 23750}]","{""timestamp"": ""2025-02-04T14:20:00+05:30"", ""timeframe"": ""5m"", ""priced_at"": ""2025-02-04T14:20:00+05:30"", ""index_price"": 23637.594, ""option_premium"": 347.5, ""premiums"": {""23750PE"": 347.5}, ""reason"": ""trail""}",23652.65
2025-02-10T09:30:00+05:30,2025-02-10T09:30:00+05:30,5m,2025-02-27,23550,75,0,0,,,expired,0,,,,0,[],{},
2025-02-21T12:35:00+05:30,2025-02-27T15:15:00+05:30,5m,2025-03-27,22450,75,1,1,2025-03-05T14:00:00+05:30,2025-03-05T14:15:00+05:30,trail,22125.0,-191.25,89.17,-280.42,0,"[{""t"": ""2025-03-05T14:00:00+05:30"", ""tf"": ""5m"", ""priced_at"": ""2025-03-05T14:05:00+05:30"", ""index"": 22325.65, ""premium"": 295.0, ""qty"": 75, ""rung"": 1, ""strike"": 22450}]","{""timestamp"": ""2025-03-05T14:15:00+05:30"", ""timeframe"": ""5m"", ""priced_at"": ""2025-03-05T14:15:00+05:30"", ""index_price"": 22319.489999999998, ""option_premium"": 292.45, ""premiums"": {""22450PE"": 292.45}, ""reason"": ""trail""}",22446.81
2025-03-05T12:30:00+05:30,2025-03-05T14:15:00+05:30,5m,2025-03-27,22450,75,1,1,2025-03-05T14:45:00+05:30,2025-03-05T15:00:00+05:30,trail,21453.75,-168.75,87.91,-256.66,0,"[{""t"": ""2025-03-05T14:45:00+05:30"", ""tf"": ""5m"", ""priced_at"": ""2025-03-05T14:50:00+05:30"", ""index"": 22337.5, ""premium"": 286.05, ""qty"": 75, ""rung"": 1, ""strike"": 22450}]","{""timestamp"": ""2025-03-05T15:00:00+05:30"", ""timeframe"": ""5m"", ""priced_at"": ""2025-03-05T15:00:00+05:30"", ""index_price"": 22331.62, ""option_premium"": 283.8, ""premiums"": {""22450PE"": 283.8}, ""reason"": ""trail""}",22345.29
2025-03-05T12:30:00+05:30,2025-03-05T15:00:00+05:30,5m,2025-03-27,22450,75,1,1,2025-03-06T09:30:00+05:30,2025-03-06T09:45:00+05:30,trail,22507.5,-510.0,89.51,-599.51,0,"[{""t"": ""2025-03-06T09:30:00+05:30"", ""tf"": ""5m"", ""priced_at"": ""2025-03-06T09:35:00+05:30"", ""index"": 22335.8, ""premium"": 300.1, ""qty"": 75, ""rung"": 1, ""strike"": 22450}]","{""timestamp"": ""2025-03-06T09:45:00+05:30"", ""timeframe"": ""5m"", ""priced_at"": ""2025-03-06T09:45:00+05:30"", ""index_price"": 22309.270273437498, ""option_premium"": 293.3, ""premiums"": {""22450PE"": 293.3}, ""reason"": ""trail""}",22344.01
2025-03-06T09:15:00+05:30,2025-03-06T09:45:00+05:30,5m,2025-03-27,22450,75,1,1,2025-03-06T10:40:00+05:30,2025-03-06T10:55:00+05:30,trail,19454.25,-150.0,84.13,-234.13,0,"[{""t"": ""2025-03-06T10:40:00+05:30"", ""tf"": ""5m"", ""priced_at"": ""2025-03-06T10:45:00+05:30"", ""index"": 22361.75, ""premium"": 259.39, ""qty"": 75, ""rung"": 1, ""strike"": 22450}]","{""timestamp"": ""2025-03-06T10:55:00+05:30"", ""timeframe"": ""5m"", ""priced_at"": ""2025-03-06T10:55:00+05:30"", ""index_price"": 22356.36, ""option_premium"": 257.39, ""premiums"": {""22450PE"": 257.39}, ""reason"": ""trail""}",22375.67
2025-03-06T09:15:00+05:30,2025-03-06T10:55:00+05:30,5m,2025-03-27,22500,75,1,1,2025-03-06T11:20:00+05:30,2025-03-06T11:35:00+05:30,trail,21720.0,82.5,88.75,-6.25,0,"[{""t"": ""2025-03-06T11:20:00+05:30"", ""tf"": ""5m"", ""priced_at"": ""2025-03-06T11:25:00+05:30"", ""index"": 22413.1, ""premium"": 289.6, ""qty"": 75, ""rung"": 1, ""strike"": 22500}]","{""timestamp"": ""2025-03-06T11:35:00+05:30"", ""timeframe"": ""5m"", ""priced_at"": ""2025-03-06T11:35:00+05:30"", ""index_price"": 22347.895, ""option_premium"": 290.7, ""premiums"": {""22500PE"": 290.7}, ""reason"": ""trail""}",22414.19
2025-03-06T09:15:00+05:30,2025-03-06T11:35:00+05:30,5m,2025-03-27,22500,75,2,3,2025-03-06T11:55:00+05:30,2025-03-07T09:25:00+05:30,trail,62471.25,-1886.25,211.25,-2097.5,0,"[{""t"": ""2025-03-06T11:55:00+05:30"", ""tf"": ""5m"", ""priced_at"": ""2025-03-06T12:00:00+05:30"", ""index"": 22389.75, ""premium"": 268.75, ""qty"": 75, ""rung"": 1, ""strike"": 22500}, {""t"": ""2025-03-06T15:00:00+05:30"", ""tf"": ""15m"", ""priced_at"": ""2025-03-06T15:15:00+05:30"", ""index"": 22539.0, ""premium"": 282.1, ""qty"": 150, ""rung"": 2, ""strike"": 22650}]","{""timestamp"": ""2025-03-07T09:25:00+05:30"", ""timeframe"": ""5m"", ""priced_at"": ""2025-03-07T09:25:00+05:30"", ""index_price"": 22472.1, ""option_premium"": 226.3, ""premiums"": {""22500PE"": 226.3, ""22650PE"": 290.75}, ""reason"": ""trail""}",22471.3
2025-03-07T09:15:00+05:30,2025-03-07T09:25:00+05:30,5m,2025-03-27,22700,75,1,1,2025-03-07T10:20:00+05:30,2025-03-07T11:05:00+05:30,trail,20598.0,-419.25,85.98,-505.23,0,"[{""t"": ""2025-03-07T10:20:00+05:30"", ""tf"": ""5m"", ""priced_at"": ""2025-03-07T10:25:00+05:30"", ""index"": 22605.7, ""premium"": 274.64, ""qty"": 75, ""rung"": 1, ""strike"": 22700}]","{""timestamp"": ""2025-03-07T11:05:00+05:30"", ""timeframe"": ""5m"", ""priced_at"": ""2025-03-07T11:05:00+05:30"", ""index_price"": 22579.204999999998, ""option_premium"": 269.05, ""premiums"": {""22700PE"": 269.05}, ""reason"": ""trail""}",22570.46
2025-03-07T10:15:00+05:30,2025-03-07T11:05:00+05:30,5m,2025-03-27,22700,75,1,1,2025-03-07T11:20:00+05:30,2025-03-07T11:35:00+05:30,trail,19222.5,221.25,84.16,137.09,0,"[{""t"": ""2025-03-07T11:20:00+05:30"", ""tf"": ""5m"", ""priced_at"": ""2025-03-07T11:25:00+05:30"", ""index"": 22615.2, ""premium"": 256.3, ""qty"": 75, ""rung"": 1, ""strike"": 22700}]","{""timestamp"": ""2025-03-07T11:35:00+05:30"", ""timeframe"": ""5m"", ""priced_at"": ""2025-03-07T11:35:00+05:30"", ""index_price"": 22604.49, ""option_premium"": 259.25, ""premiums"": {""22700PE"": 259.25}, ""reason"": ""trail""}",22610.45
2025-04-01T09:15:00+05:30,2025-04-01T09:15:00+05:30,5m,2025-04-30,22850,75,1,1,2025-04-11T09:25:00+05:30,2025-04-11T09:40:00+05:30,trail,29025.0,-1425.0,100.8,-1525.8,0,"[{""t"": ""2025-04-11T09:25:00+05:30"", ""tf"": ""5m"", ""priced_at"": ""2025-04-11T09:30:00+05:30"", ""index"": 22765.2, ""premium"": 387.0, ""qty"": 75, ""rung"": 1, ""strike"": 22850}]","{""timestamp"": ""2025-04-11T09:40:00+05:30"", ""timeframe"": ""5m"", ""priced_at"": ""2025-04-11T09:40:00+05:30"", ""index_price"": 22762.82, ""option_premium"": 368.0, ""premiums"": {""22850PE"": 368.0}, ""reason"": ""trail""}",22908.67
2025-04-04T11:35:00+05:30,2025-04-11T09:40:00+05:30,5m,2025-04-30,22950,75,1,1,2025-04-11T09:50:00+05:30,2025-04-11T10:05:00+05:30,trail,29666.25,300.0,104.19,195.81,0,"[{""t"": ""2025-04-11T09:50:00+05:30"", ""tf"": ""5m"", ""priced_at"": ""2025-04-11T09:55:00+05:30"", ""index"": 22849.0, ""premium"": 395.55, ""qty"": 75, ""rung"": 1, ""strike"": 22950}]","{""timestamp"": ""2025-04-11T10:05:00+05:30"", ""timeframe"": ""5m"", ""priced_at"": ""2025-04-11T10:05:00+05:30"", ""index_price"": 22828.665, ""option_premium"": 399.55, ""premiums"": {""22950PE"": 399.55}, ""reason"": ""trail""}",22877.19
2025-04-25T09:55:00+05:30,2025-04-25T09:55:00+05:30,5m,2025-05-29,24350,75,1,1,2025-04-28T10:20:00+05:30,2025-04-28T11:25:00+05:30,trail,31725.0,618.75,108.5,510.25,0,"[{""t"": ""2025-04-28T10:20:00+05:30"", ""tf"": ""5m"", ""priced_at"": ""2025-04-28T10:25:00+05:30"", ""index"": 24265.25, ""premium"": 423.0, ""qty"": 75, ""rung"": 1, ""strike"": 24350}]","{""timestamp"": ""2025-04-28T11:25:00+05:30"", ""timeframe"": ""5m"", ""priced_at"": ""2025-04-28T11:25:00+05:30"", ""index_price"": 24227.1, ""option_premium"": 431.25, ""premiums"": {""24350PE"": 431.25}, ""reason"": ""trail""}",24215.69
2025-05-08T15:20:00+05:30,2025-05-08T15:20:00+05:30,5m,2025-05-29,24700,75,3,6,2025-05-12T09:40:00+05:30,2025-05-13T10:40:00+05:30,trail,165296.25,22923.75,485.71,22438.04,0,"[{""t"": ""2025-05-12T09:40:00+05:30"", ""tf"": ""5m"", ""priced_at"": ""2025-05-12T09:45:00+05:30"", ""index"": 24595.2, ""premium"": 312.0, ""qty"": 75, ""rung"": 1, ""strike"": 24700}, {""t"": ""2025-05-12T11:30:00+05:30"", ""tf"": ""15m"", ""priced_at"": ""2025-05-12T11:45:00+05:30"", ""index"": 24725.0, ""premium"": 330.45, ""qty"": 150, ""rung"": 2, ""strike"": 24850}, {""t"": ""2025-05-13T09:15:00+05:30"", ""tf"": ""1h"", ""priced_at"": ""2025-05-13T10:15:00+05:30"", ""index"": 24907.45, ""premium"": 410.35, ""qty"": 225, ""rung"": 3, ""strike"": 25000}]","{""timestamp"": ""2025-05-13T10:40:00+05:30"", ""timeframe"": ""5m"", ""priced_at"": ""2025-05-13T10:40:00+05:30"", ""index_price"": 24682.807273437502, ""option_premium"": 319.95, ""premiums"": {""24700PE"": 319.95, ""24850PE"": 388.7, ""25000PE"": 470.75}, ""reason"": ""trail""}",24649.29
2025-05-22T09:15:00+05:30,2025-05-22T09:15:00+05:30,5m,2025-06-26,25000,75,1,1,2025-05-23T11:15:00+05:30,2025-05-23T11:55:00+05:30,trail,33978.75,1511.25,113.93,1397.32,0,"[{""t"": ""2025-05-23T11:15:00+05:30"", ""tf"": ""5m"", ""priced_at"": ""2025-05-23T11:20:00+05:30"", ""index"": 24889.6, ""premium"": 453.05, ""qty"": 75, ""rung"": 1, ""strike"": 25000}]","{""timestamp"": ""2025-05-23T11:55:00+05:30"", ""timeframe"": ""5m"", ""priced_at"": ""2025-05-23T11:55:00+05:30"", ""index_price"": 24829.89, ""option_premium"": 473.2, ""premiums"": {""25000PE"": 473.2}, ""reason"": ""trail""}",24823.96
2025-05-29T12:35:00+05:30,2025-05-29T12:35:00+05:30,5m,2025-06-26,24900,75,1,1,2025-06-05T12:25:00+05:30,2025-06-05T13:05:00+05:30,trail,24360.0,723.75,94.6,629.15,0,"[{""t"": ""2025-06-05T12:25:00+05:30"", ""tf"": ""5m"", ""priced_at"": ""2025-06-05T12:30:00+05:30"", ""index"": 24818.6, ""premium"": 324.8, ""qty"": 75, ""rung"": 1, ""strike"": 24900}]","{""timestamp"": ""2025-06-05T13:05:00+05:30"", ""timeframe"": ""5m"", ""priced_at"": ""2025-06-05T13:05:00+05:30"", ""index_price"": 24795.465, ""option_premium"": 334.45, ""premiums"": {""24900PE"": 334.45}, ""reason"": ""trail""}",24785.59
2025-06-12T13:25:00+05:30,2025-06-12T13:25:00+05:30,5m,2025-06-26,25100,75,1,1,2025-06-20T10:35:00+05:30,2025-06-20T10:50:00+05:30,trail,14493.75,-225.0,74.57,-299.57,0,"[{""t"": ""2025-06-20T10:35:00+05:30"", ""tf"": ""5m"", ""priced_at"": ""2025-06-20T10:40:00+05:30"", ""index"": 25008.95, ""premium"": 193.25, ""qty"": 75, ""rung"": 1, ""strike"": 25100}]","{""timestamp"": ""2025-06-20T10:50:00+05:30"", ""timeframe"": ""5m"", ""priced_at"": ""2025-06-20T10:50:00+05:30"", ""index_price"": 24999.954999999998, ""option_premium"": 190.25, ""premiums"": {""25100PE"": 190.25}, ""reason"": ""trail""}",25001.06
2025-06-20T10:30:00+05:30,2025-06-20T10:50:00+05:30,5m,2025-07-31,25100,75,1,1,2025-06-20T11:40:00+05:30,2025-06-20T12:40:00+05:30,trail,29745.0,945.0,105.14,839.86,0,"[{""t"": ""2025-06-20T11:40:00+05:30"", ""tf"": ""5m"", ""priced_at"": ""2025-06-20T11:45:00+05:30"", ""index"": 25020.8, ""premium"": 396.6, ""qty"": 75, ""rung"": 1, ""strike"": 25100}]","{""timestamp"": ""2025-06-20T12:40:00+05:30"", ""timeframe"": ""5m"", ""priced_at"": ""2025-06-20T12:40:00+05:30"", ""index_price"": 24981.075, ""option_premium"": 409.2, ""premiums"": {""25100PE"": 409.2}, ""reason"": ""trail""}",25017.33
2025-07-02T12:50:00+05:30,2025-07-02T12:50:00+05:30,5m,2025-07-31,25650,75,1,1,2025-07-08T15:15:00+05:30,2025-07-09T09:40:00+05:30,trail,22998.75,371.25,91.56,279.69,0,"[{""t"": ""2025-07-08T15:15:00+05:30"", ""tf"": ""5m"", ""priced_at"": ""2025-07-08T15:20:00+05:30"", ""index"": 25528.0, ""premium"": 306.65, ""qty"": 75, ""rung"": 1, ""strike"": 25650}]","{""timestamp"": ""2025-07-09T09:40:00+05:30"", ""timeframe"": ""5m"", ""priced_at"": ""2025-07-09T09:40:00+05:30"", ""index_price"": 25488.835, ""option_premium"": 311.6, ""premiums"": {""25650PE"": 311.6}, ""reason"": ""trail""}",25511.09
2025-07-10T12:00:00+05:30,2025-07-10T12:00:00+05:30,5m,2025-07-31,25350,75,1,1,2025-07-16T14:20:00+05:30,2025-07-16T14:45:00+05:30,trail,18011.25,-146.25,81.39,-227.64,0,"[{""t"": ""2025-07-16T14:20:00+05:30"", ""tf"": ""5m"", ""priced_at"": ""2025-07-16T14:25:00+05:30"", ""index"": 25243.75, ""premium"": 240.15, ""qty"": 75, ""rung"": 1, ""strike"": 25350}]","{""timestamp"": ""2025-07-16T14:45:00+05:30"", ""timeframe"": ""5m"", ""priced_at"": ""2025-07-16T14:45:00+05:30"", ""index_price"": 25229.33, ""option_premium"": 238.2, ""premiums"": {""25350PE"": 238.2}, ""reason"": ""trail""}",25272.92
2025-07-16T14:10:00+05:30,2025-07-16T14:45:00+05:30,5m,2025-07-31,25350,75,1,1,2025-07-23T15:10:00+05:30,2025-07-23T15:25:00+05:30,trail,13597.5,63.75,73.24,-9.49,0,"[{""t"": ""2025-07-23T15:10:00+05:30"", ""tf"": ""5m"", ""priced_at"": ""2025-07-23T15:15:00+05:30"", ""index"": 25227.5, ""premium"": 181.3, ""qty"": 75, ""rung"": 1, ""strike"": 25350}]","{""timestamp"": ""2025-07-23T15:25:00+05:30"", ""timeframe"": ""5m"", ""priced_at"": ""2025-07-23T15:25:00+05:30"", ""index_price"": 25219.24, ""option_premium"": 182.15, ""premiums"": {""25350PE"": 182.15}, ""reason"": ""trail""}",25226.62
2025-07-23T15:10:00+05:30,2025-07-23T15:25:00+05:30,5m,2025-08-28,25350,75,0,0,,,expired,0,,,,0,[],{},
2025-08-25T14:15:00+05:30,2025-08-28T15:15:00+05:30,5m,2025-09-30,24800,75,1,1,2025-09-02T10:10:00+05:30,2025-09-02T10:30:00+05:30,trail,18937.5,-168.75,83.12,-251.87,0,"[{""t"": ""2025-09-02T10:10:00+05:30"", ""tf"": ""5m"", ""priced_at"": ""2025-09-02T10:15:00+05:30"", ""index"": 24724.45, ""premium"": 252.5, ""qty"": 75, ""rung"": 1, ""strike"": 24800}]","{""timestamp"": ""2025-09-02T10:30:00+05:30"", ""timeframe"": ""5m"", ""priced_at"": ""2025-09-02T10:30:00+05:30"", ""index_price"": 24720.53, ""option_premium"": 250.25, ""premiums"": {""24800PE"": 250.25}, ""reason"": ""trail""}",24792.17
2025-08-26T13:25:00+05:30,2025-09-02T10:30:00+05:30,5m,2025-09-30,24850,75,1,1,2025-09-02T11:00:00+05:30,2025-09-02T11:15:00+05:30,trail,20808.75,-146.25,86.71,-232.96,0,"[{""t"": ""2025-09-02T11:00:00+05:30"", ""tf"": ""5m"", ""priced_at"": ""2025-09-02T11:05:00+05:30"", ""index"": 24736.65, ""premium"": 277.45, ""qty"": 75, ""rung"": 1, ""strike"": 24850}]","{""timestamp"": ""2025-09-02T11:15:00+05:30"", ""timeframe"": ""5m"", ""priced_at"": ""2025-09-02T11:15:00+05:30"", ""index_price"": 24728.18, ""option_premium"": 275.5, ""premiums"": {""24850PE"": 275.5}, ""reason"": ""trail""}",24752.99
2025-08-26T13:25:00+05:30,2025-09-02T11:15:00+05:30,5m,2025-09-30,24850,75,1,1,2025-09-02T11:40:00+05:30,2025-09-02T11:55:00+05:30,trail,20452.5,138.75,86.39,52.36,0,"[{""t"": ""2025-09-02T11:40:00+05:30"", ""tf"": ""5m"", ""priced_at"": ""2025-09-02T11:45:00+05:30"", ""index"": 24738.0, ""premium"": 272.7, ""qty"": 75, ""rung"": 1, ""strike"": 24850}]","{""timestamp"": ""2025-09-02T11:55:00+05:30"", ""timeframe"": ""5m"", ""priced_at"": ""2025-09-02T11:55:00+05:30"", ""index_price"": 24728.690000000002, ""option_premium"": 274.55, ""premiums"": {""24850PE"": 274.55}, ""reason"": ""trail""}",24754.0
2025-09-22T14:35:00+05:30,2025-09-22T14:35:00+05:30,5m,2025-10-28,24900,75,1,1,2025-10-01T14:00:00+05:30,2025-10-01T14:15:00+05:30,trail,19068.75,-446.25,83.03,-529.28,0,"[{""t"": ""2025-10-01T14:00:00+05:30"", ""tf"": ""5m"", ""priced_at"": ""2025-10-01T14:05:00+05:30"", ""index"": 24782.95, ""premium"": 254.25, ""qty"": 75, ""rung"": 1, ""strike"": 24900}]","{""timestamp"": ""2025-10-01T14:15:00+05:30"", ""timeframe"": ""5m"", ""priced_at"": ""2025-10-01T14:15:00+05:30"", ""index_price"": 24786.45, ""option_premium"": 248.3, ""premiums"": {""24900PE"": 248.3}, ""reason"": ""trail""}",24888.96
2025-09-26T09:55:00+05:30,2025-10-01T14:15:00+05:30,5m,2025-10-28,24900,75,1,1,2025-10-01T14:30:00+05:30,2025-10-01T15:05:00+05:30,trail,17550.0,-592.5,79.95,-672.45,0,"[{""t"": ""2025-10-01T14:30:00+05:30"", ""tf"": ""5m"", ""priced_at"": ""2025-10-01T14:35:00+05:30"", ""index"": 24821.55, ""premium"": 234.0, ""qty"": 75, ""rung"": 1, ""strike"": 24900}]","{""timestamp"": ""2025-10-01T15:05:00+05:30"", ""timeframe"": ""5m"", ""priced_at"": ""2025-10-01T15:05:00+05:30"", ""index_price"": 24817.805, ""option_premium"": 226.1, ""premiums"": {""24900PE"": 226.1}, ""reason"": ""trail""}",24816.53
2025-10-01T14:50:00+05:30,2025-10-01T15:05:00+05:30,5m,2025-10-28,24950,75,1,1,2025-10-03T09:15:00+05:30,2025-10-03T09:30:00+05:30,trail,20422.5,326.25,86.58,239.67,0,"[{""t"": ""2025-10-03T09:15:00+05:30"", ""tf"": ""5m"", ""priced_at"": ""2025-10-03T09:20:00+05:30"", ""index"": 24841.95, ""premium"": 272.3, ""qty"": 75, ""rung"": 1, ""strike"": 24950}]","{""timestamp"": ""2025-10-03T09:30:00+05:30"", ""timeframe"": ""5m"", ""priced_at"": ""2025-10-03T09:30:00+05:30"", ""index_price"": 24775.870546875, ""option_premium"": 276.65, ""premiums"": {""24950PE"": 276.65}, ""reason"": ""trail""}",24843.33
2025-10-31T10:30:00+05:30,2025-10-31T10:30:00+05:30,5m,2025-11-25,25700,75,1,1,2025-11-10T14:40:00+05:30,2025-11-10T14:55:00+05:30,trail,16200.0,0.0,78.11,-78.11,0,"[{""t"": ""2025-11-10T14:40:00+05:30"", ""tf"": ""5m"", ""priced_at"": ""2025-11-10T14:45:00+05:30"", ""index"": 25622.6, ""premium"": 216.0, ""qty"": 75, ""rung"": 1, ""strike"": 25700}]","{""timestamp"": ""2025-11-10T14:55:00+05:30"", ""timeframe"": ""5m"", ""priced_at"": ""2025-11-10T14:55:00+05:30"", ""index_price"": 25604.155, ""option_premium"": 216.0, ""premiums"": {""25700PE"": 216.0}, ""reason"": ""trail""}",25667.19
2025-11-04T11:00:00+05:30,2025-11-10T14:55:00+05:30,5m,2025-11-25,25700,75,1,1,2025-11-11T13:25:00+05:30,2025-11-11T13:40:00+05:30,trail,15795.0,-1260.0,75.75,-1335.75,0,"[{""t"": ""2025-11-11T13:25:00+05:30"", ""tf"": ""5m"", ""priced_at"": ""2025-11-11T13:30:00+05:30"", ""index"": 25609.05, ""premium"": 210.6, ""qty"": 75, ""rung"": 1, ""strike"": 25700}]","{""timestamp"": ""2025-11-11T13:40:00+05:30"", ""timeframe"": ""5m"", ""priced_at"": ""2025-11-11T13:40:00+05:30"", ""index_price"": 25606.46, ""option_premium"": 193.8, ""premiums"": {""25700PE"": 193.8}, ""reason"": ""trail""}",25630.76
2025-11-06T09:20:00+05:30,2025-11-11T13:40:00+05:30,5m,2025-11-25,25750,75,1,1,2025-11-11T13:55:00+05:30,2025-11-11T14:10:00+05:30,trail,16091.25,-675.0,77.06,-752.06,0,"[{""t"": ""2025-11-11T13:55:00+05:30"", ""tf"": ""5m"", ""priced_at"": ""2025-11-11T14:00:00+05:30"", ""index"": 25666.45, ""premium"": 214.55, ""qty"": 75, ""rung"": 1, ""strike"": 25750}]","{""timestamp"": ""2025-11-11T14:10:00+05:30"", ""timeframe"": ""5m"", ""priced_at"": ""2025-11-11T14:10:00+05:30"", ""index_price"": 25641.04, ""option_premium"": 205.55, ""premiums"": {""25750PE"": 205.55}, ""reason"": ""trail""}",25662.67
2025-11-11T13:50:00+05:30,2025-11-11T14:10:00+05:30,5m,2025-11-25,25800,75,1,1,2025-11-11T14:35:00+05:30,2025-11-11T14:50:00+05:30,trail,16875.0,-75.0,79.31,-154.31,0,"[{""t"": ""2025-11-11T14:35:00+05:30"", ""tf"": ""5m"", ""priced_at"": ""2025-11-11T14:40:00+05:30"", ""index"": 25690.05, ""premium"": 225.0, ""qty"": 75, ""rung"": 1, ""strike"": 25800}]","{""timestamp"": ""2025-11-11T14:50:00+05:30"", ""timeframe"": ""5m"", ""priced_at"": ""2025-11-11T14:50:00+05:30"", ""index_price"": 25664.605, ""option_premium"": 224.0, ""premiums"": {""25800PE"": 224.0}, ""reason"": ""trail""}",25682.97
2025-11-11T14:30:00+05:30,2025-11-11T14:50:00+05:30,5m,2025-11-25,25800,75,1,1,2025-11-11T15:05:00+05:30,2025-11-11T15:20:00+05:30,trail,16575.0,-532.5,78.17,-610.67,0,"[{""t"": ""2025-11-11T15:05:00+05:30"", ""tf"": ""5m"", ""priced_at"": ""2025-11-11T15:10:00+05:30"", ""index"": 25681.6, ""premium"": 221.0, ""qty"": 75, ""rung"": 1, ""strike"": 25800}]","{""timestamp"": ""2025-11-11T15:20:00+05:30"", ""timeframe"": ""5m"", ""priced_at"": ""2025-11-11T15:20:00+05:30"", ""index_price"": 25673.899999999998, ""option_premium"": 213.9, ""premiums"": {""25800PE"": 213.9}, ""reason"": ""trail""}",25683.26
2025-11-11T15:20:00+05:30,2025-11-11T15:20:00+05:30,5m,2025-11-25,25950,75,2,3,2025-11-12T09:55:00+05:30,2025-11-13T09:30:00+05:30,trail,47850.0,-813.75,184.69,-998.44,0,"[{""t"": ""2025-11-12T09:55:00+05:30"", ""tf"": ""5m"", ""priced_at"": ""2025-11-12T10:00:00+05:30"", ""index"": 25853.8, ""premium"": 208.0, ""qty"": 75, ""rung"": 1, ""strike"": 25950}, {""t"": ""2025-11-12T12:00:00+05:30"", ""tf"": ""15m"", ""priced_at"": ""2025-11-12T12:15:00+05:30"", ""index"": 25892.35, ""premium"": 215.0, ""qty"": 150, ""rung"": 2, ""strike"": 26000}]","{""timestamp"": ""2025-11-13T09:30:00+05:30"", ""timeframe"": ""5m"", ""priced_at"": ""2025-11-13T09:30:00+05:30"", ""index_price"": 25829.73, ""option_premium"": 192.55, ""premiums"": {""25950PE"": 192.55, ""26000PE"": 217.3}, ""reason"": ""trail""}",25833.28
2025-11-12T13:40:00+05:30,2025-11-13T09:30:00+05:30,5m,2025-12-30,26000,75,2,3,2025-11-13T10:20:00+05:30,2025-11-13T14:15:00+05:30,trail,69750.0,5958.75,234.95,5723.8,0,"[{""t"": ""2025-11-13T10:20:00+05:30"", ""tf"": ""5m"", ""priced_at"": ""2025-11-13T10:25:00+05:30"", ""index"": 25898.5, ""premium"": 311.3, ""qty"": 75, ""rung"": 1, ""strike"": 26000}, {""t"": ""2025-11-13T11:30:00+05:30"", ""tf"": ""15m"", ""priced_at"": ""2025-11-13T11:45:00+05:30"", ""index"": 25963.35, ""premium"": 309.35, ""qty"": 150, ""rung"": 2, ""strike"": 26050}]","{""timestamp"": ""2025-11-13T14:15:00+05:30"", ""timeframe"": ""5m"", ""priced_at"": ""2025-11-13T14:15:00+05:30"", ""index_price"": 25892.288999999997, ""option_premium"": 323.45, ""premiums"": {""26000PE"": 323.45, ""26050PE"": 343.0}, ""reason"": ""trail""}",25934.72
2025-11-24T15:25:00+05:30,2025-11-24T15:25:00+05:30,5m,2025-12-30,26250,75,3,6,2025-11-26T12:20:00+05:30,2025-12-02T09:25:00+05:30,trail,127792.5,-1623.75,359.82,-1983.57,0,"[{""t"": ""2025-11-26T12:20:00+05:30"", ""tf"": ""5m"", ""priced_at"": ""2025-11-26T12:25:00+05:30"", ""index"": 26148.55, ""premium"": 286.8, ""qty"": 75, ""rung"": 1, ""strike"": 26250}, {""t"": ""2025-11-26T13:00:00+05:30"", ""tf"": ""15m"", ""priced_at"": ""2025-11-26T13:15:00+05:30"", ""index"": 26170.45, ""premium"": 278.05, ""qty"": 150, ""rung"": 2, ""strike"": 26250}, {""t"": ""2025-11-26T15:15:00+05:30"", ""tf"": ""1h"", ""priced_at"": ""2025-11-26T15:30:00+05:30"", ""index"": 26197.35, ""premium"": 287.0, ""qty"": 225, ""rung"": 3, ""strike"": 26300}]","{""timestamp"": ""2025-12-02T09:25:00+05:30"", ""timeframe"": ""5m"", ""priced_at"": ""2025-12-02T09:25:00+05:30"", ""index_price"": 26108.29, ""option_premium"": 269.3, ""premiums"": {""26250PE"": 269.3, ""26300PE"": 291.45}, ""reason"": ""trail""}",26113.22
2025-12-01T09:15:00+05:30,2025-12-02T09:25:00+05:30,5m,2025-12-30,26300,75,1,1,2025-12-05T12:40:00+05:30,2025-12-05T12:55:00+05:30,trail,16796.25,-187.5,79.0,-266.5,0,"[{""t"": ""2025-12-05T12:40:00+05:30"", ""tf"": ""5m"", ""priced_at"": ""2025-12-05T12:45:00+05:30"", ""index"": 26180.45, ""premium"": 223.95, ""qty"": 75, ""rung"": 1, ""strike"": 26300}]","{""timestamp"": ""2025-12-05T12:55:00+05:30"", ""timeframe"": ""5m"", ""priced_at"": ""2025-12-05T12:55:00+05:30"", ""index_price"": 26183.39, ""option_premium"": 221.45, ""premiums"": {""26300PE"": 221.45}, ""reason"": ""trail""}",26202.92
2025-12-05T12:50:00+05:30,2025-12-05T12:55:00+05:30,5m,2025-12-30,26300,75,1,1,2025-12-05T13:10:00+05:30,2025-12-05T13:25:00+05:30,trail,16901.25,-127.5,79.29,-206.79,0,"[{""t"": ""2025-12-05T13:10:00+05:30"", ""tf"": ""5m"", ""priced_at"": ""2025-12-05T13:15:00+05:30"", ""index"": 26185.65, ""premium"": 225.35, ""qty"": 75, ""rung"": 1, ""strike"": 26300}]","{""timestamp"": ""2025-12-05T13:25:00+05:30"", ""timeframe"": ""5m"", ""priced_at"": ""2025-12-05T13:25:00+05:30"", ""index_price"": 26181.555, ""option_premium"": 223.65, ""premiums"": {""26300PE"": 223.65}, ""reason"": ""trail""}",26186.21
2025-12-05T12:50:00+05:30,2025-12-05T13:25:00+05:30,5m,2025-12-30,26300,75,1,1,2025-12-05T13:35:00+05:30,2025-12-05T14:15:00+05:30,trail,16357.5,1215.0,79.92,1135.08,0,"[{""t"": ""2025-12-05T13:35:00+05:30"", ""tf"": ""5m"", ""priced_at"": ""2025-12-05T13:40:00+05:30"", ""index"": 26189.15, ""premium"": 218.1, ""qty"": 75, ""rung"": 1, ""strike"": 26300}]","{""timestamp"": ""2025-12-05T14:15:00+05:30"", ""timeframe"": ""5m"", ""priced_at"": ""2025-12-05T14:15:00+05:30"", ""index_price"": 26160.555, ""option_premium"": 234.3, ""premiums"": {""26300PE"": 234.3}, ""reason"": ""trail""}",26188.84
2025-12-09T09:15:00+05:30,2025-12-09T09:15:00+05:30,5m,2025-12-30,26150,75,1,1,2025-12-12T09:40:00+05:30,2025-12-12T10:15:00+05:30,trail,15686.25,1350.0,78.82,1271.18,0,"[{""t"": ""2025-12-12T09:40:00+05:30"", ""tf"": ""5m"", ""priced_at"": ""2025-12-12T09:45:00+05:30"", ""index"": 26030.35, ""premium"": 209.15, ""qty"": 75, ""rung"": 1, ""strike"": 26150}]","{""timestamp"": ""2025-12-12T10:15:00+05:30"", ""timeframe"": ""5m"", ""priced_at"": ""2025-12-12T10:15:00+05:30"", ""index_price"": 25987.125, ""option_premium"": 227.15, ""premiums"": {""26150PE"": 227.15}, ""reason"": ""trail""}",25977.71
2025-12-17T10:05:00+05:30,2025-12-17T10:05:00+05:30,5m,2026-01-27,26050,75,3,6,2025-12-19T13:45:00+05:30,2025-12-26T15:00:00+05:30,trail,116418.75,2043.75,342.7,1701.05,0,"[{""t"": ""2025-12-19T13:45:00+05:30"", ""tf"": ""5m"", ""priced_at"": ""2025-12-19T13:50:00+05:30"", ""index"": 25974.85, ""premium"": 253.25, ""qty"": 75, ""rung"": 1, ""strike"": 26050}, {""t"": ""2025-12-22T10:00:00+05:30"", ""tf"": ""15m"", ""priced_at"": ""2025-12-22T10:15:00+05:30"", ""index"": 26125.55, ""premium"": 260.1, ""qty"": 150, ""rung"": 2, ""strike"": 26250}, {""t"": ""2025-12-22T13:15:00+05:30"", ""tf"": ""1h"", ""priced_at"": ""2025-12-22T14:15:00+05:30"", ""index"": 26134.55, ""premium"": 259.6, ""qty"": 225, ""rung"": 3, ""strike"": 26250}]","{""timestamp"": ""2025-12-26T15:00:00+05:30"", ""timeframe"": ""5m"", ""priced_at"": ""2025-12-26T15:00:00+05:30"", ""index_price"": 26037.499, ""option_premium"": 192.25, ""premiums"": {""26050PE"": 192.25, ""26250PE"": 277.45}, ""reason"": ""trail""}",26034.69
2025-12-29T10:40:00+05:30,2025-12-29T10:40:00+05:30,5m,2026-01-27,26250,75,3,6,2025-12-31T13:05:00+05:30,2026-01-01T12:25:00+05:30,trail,99577.5,-1635.0,282.37,-1917.37,0,"[{""t"": ""2025-12-31T13:05:00+05:30"", ""tf"": ""5m"", ""priced_at"": ""2025-12-31T13:10:00+05:30"", ""index"": 26144.3, ""premium"": 221.7, ""qty"": 75, ""rung"": 1, ""strike"": 26250}, {""t"": ""2025-12-31T13:30:00+05:30"", ""tf"": ""15m"", ""priced_at"": ""2025-12-31T13:45:00+05:30"", ""index"": 26155.35, ""premium"": 220.15, ""qty"": 150, ""rung"": 2, ""strike"": 26250}, {""t"": ""2026-01-01T11:15:00+05:30"", ""tf"": ""1h"", ""priced_at"": ""2026-01-01T12:15:00+05:30"", ""index"": 26167.0, ""premium"": 221.9, ""qty"": 225, ""rung"": 3, ""strike"": 26250}]","{""timestamp"": ""2026-01-01T12:25:00+05:30"", ""timeframe"": ""5m"", ""priced_at"": ""2026-01-01T12:25:00+05:30"", ""index_price"": 26127.179, ""option_premium"": 217.65, ""premiums"": {""26250PE"": 217.65}, ""reason"": ""trail""}",26119.6
2026-01-01T09:50:00+05:30,2026-01-01T12:25:00+05:30,5m,2026-01-27,26250,65,1,1,2026-01-01T12:35:00+05:30,2026-01-01T12:50:00+05:30,trail,14222.0,-373.75,73.88,-447.63,0,"[{""t"": ""2026-01-01T12:35:00+05:30"", ""tf"": ""5m"", ""priced_at"": ""2026-01-01T12:40:00+05:30"", ""index"": 26150.6, ""premium"": 218.8, ""qty"": 65, ""rung"": 1, ""strike"": 26250}]","{""timestamp"": ""2026-01-01T12:50:00+05:30"", ""timeframe"": ""5m"", ""priced_at"": ""2026-01-01T12:50:00+05:30"", ""index_price"": 26133.975, ""option_premium"": 213.05, ""premiums"": {""26250PE"": 213.05}, ""reason"": ""trail""}",26159.02
2026-01-01T09:50:00+05:30,2026-01-01T12:50:00+05:30,5m,2026-01-27,26250,65,1,1,2026-01-01T13:10:00+05:30,2026-01-01T13:30:00+05:30,trail,13650.0,120.25,73.4,46.85,0,"[{""t"": ""2026-01-01T13:10:00+05:30"", ""tf"": ""5m"", ""priced_at"": ""2026-01-01T13:15:00+05:30"", ""index"": 26151.6, ""premium"": 210.0, ""qty"": 65, ""rung"": 1, ""strike"": 26250}]","{""timestamp"": ""2026-01-01T13:30:00+05:30"", ""timeframe"": ""5m"", ""priced_at"": ""2026-01-01T13:30:00+05:30"", ""index_price"": 26136.27, ""option_premium"": 211.85, ""premiums"": {""26250PE"": 211.85}, ""reason"": ""trail""}",26159.77
2026-01-07T09:15:00+05:30,2026-01-07T09:15:00+05:30,5m,2026-01-27,25950,65,1,1,2026-01-16T10:30:00+05:30,2026-01-16T10:45:00+05:30,trail,11579.75,289.25,69.66,219.59,0,"[{""t"": ""2026-01-16T10:30:00+05:30"", ""tf"": ""5m"", ""priced_at"": ""2026-01-16T10:35:00+05:30"", ""index"": 25848.45, ""premium"": 178.15, ""qty"": 65, ""rung"": 1, ""strike"": 25950}]","{""timestamp"": ""2026-01-16T10:45:00+05:30"", ""timeframe"": ""5m"", ""priced_at"": ""2026-01-16T10:45:00+05:30"", ""index_price"": 25842.36, ""option_premium"": 182.6, ""premiums"": {""25950PE"": 182.6}, ""reason"": ""trail""}",25912.41
2026-01-19T10:25:00+05:30,2026-01-19T10:25:00+05:30,5m,2026-02-24,25450,65,1,1,2026-01-28T09:25:00+05:30,2026-01-28T09:40:00+05:30,trail,23341.5,975.0,92.97,882.03,0,"[{""t"": ""2026-01-28T09:25:00+05:30"", ""tf"": ""5m"", ""priced_at"": ""2026-01-28T09:30:00+05:30"", ""index"": 25336.0, ""premium"": 359.1, ""qty"": 65, ""rung"": 1, ""strike"": 25450}]","{""timestamp"": ""2026-01-28T09:40:00+05:30"", ""timeframe"": ""5m"", ""priced_at"": ""2026-01-28T09:40:00+05:30"", ""index_price"": 25301.35, ""option_premium"": 374.1, ""premiums"": {""25450PE"": 374.1}, ""reason"": ""trail""}",25376.06
2026-02-01T12:25:00+05:30,2026-02-01T12:25:00+05:30,5m,2026-02-24,25900,65,1,1,2026-02-09T09:30:00+05:30,2026-02-16T09:35:00+05:30,trail,15158.0,11339.25,90.31,11248.94,0,"[{""t"": ""2026-02-09T09:30:00+05:30"", ""tf"": ""5m"", ""priced_at"": ""2026-02-09T09:35:00+05:30"", ""index"": 25821.85, ""premium"": 233.2, ""qty"": 65, ""rung"": 1, ""strike"": 25900}]","{""timestamp"": ""2026-02-16T09:35:00+05:30"", ""timeframe"": ""5m"", ""priced_at"": ""2026-02-16T09:35:00+05:30"", ""index_price"": 25507.445, ""option_premium"": 407.65, ""premiums"": {""25900PE"": 407.65}, ""reason"": ""trail""}",25592.95
2026-02-19T14:45:00+05:30,2026-02-19T14:45:00+05:30,5m,2026-03-30,25600,65,0,0,,,expired,0,,,,0,[],{},
2026-03-25T12:30:00+05:30,2026-03-30T15:15:00+05:30,5m,2026-04-28,22900,65,1,1,2026-04-06T13:00:00+05:30,2026-04-06T13:15:00+05:30,trail,40075.75,-2700.75,120.29,-2821.04,0,"[{""t"": ""2026-04-06T13:00:00+05:30"", ""tf"": ""5m"", ""priced_at"": ""2026-04-06T13:05:00+05:30"", ""index"": 22775.25, ""premium"": 616.55, ""qty"": 65, ""rung"": 1, ""strike"": 22900}]","{""timestamp"": ""2026-04-06T13:15:00+05:30"", ""timeframe"": ""5m"", ""priced_at"": ""2026-04-06T13:15:00+05:30"", ""index_price"": 22770.455, ""option_premium"": 575.0, ""premiums"": {""22900PE"": 575.0}, ""reason"": ""trail""}",22935.58
2026-04-01T10:00:00+05:30,2026-04-06T13:15:00+05:30,5m,2026-04-28,22950,65,1,1,2026-04-06T13:25:00+05:30,2026-04-06T13:40:00+05:30,trail,37836.5,201.5,119.65,81.85,0,"[{""t"": ""2026-04-06T13:25:00+05:30"", ""tf"": ""5m"", ""priced_at"": ""2026-04-06T13:30:00+05:30"", ""index"": 22864.2, ""premium"": 582.1, ""qty"": 65, ""rung"": 1, ""strike"": 22950}]","{""timestamp"": ""2026-04-06T13:40:00+05:30"", ""timeframe"": ""5m"", ""priced_at"": ""2026-04-06T13:40:00+05:30"", ""index_price"": 22863.325, ""option_premium"": 585.2, ""premiums"": {""22950PE"": 585.2}, ""reason"": ""trail""}",22870.76
2026-04-23T09:15:00+05:30,2026-04-23T09:15:00+05:30,5m,2026-05-26,24350,65,2,3,2026-04-29T10:30:00+05:30,2026-04-29T14:45:00+05:30,trail,79589.25,10377.25,259.26,10117.99,0,"[{""t"": ""2026-04-29T10:30:00+05:30"", ""tf"": ""5m"", ""priced_at"": ""2026-04-29T10:35:00+05:30"", ""index"": 24270.45, ""premium"": 397.75, ""qty"": 65, ""rung"": 1, ""strike"": 24350}, {""t"": ""2026-04-29T13:15:00+05:30"", ""tf"": ""15m"", ""priced_at"": ""2026-04-29T13:30:00+05:30"", ""index"": 24307.1, ""premium"": 413.35, ""qty"": 130, ""rung"": 2, ""strike"": 24400}]","{""timestamp"": ""2026-04-29T14:45:00+05:30"", ""timeframe"": ""5m"", ""priced_at"": ""2026-04-29T14:45:00+05:30"", ""index_price"": 24215.934, ""option_premium"": 444.9, ""premiums"": {""24350PE"": 444.9, ""24400PE"": 469.6}, ""reason"": ""trail""}",24254.86
2026-04-30T10:15:00+05:30,2026-04-30T10:15:00+05:30,5m,2026-05-26,24350,65,1,1,2026-05-04T09:50:00+05:30,2026-05-04T10:30:00+05:30,trail,26815.75,1300.0,99.98,1200.02,0,"[{""t"": ""2026-05-04T09:50:00+05:30"", ""tf"": ""5m"", ""priced_at"": ""2026-05-04T09:55:00+05:30"", ""index"": 24261.0, ""premium"": 412.55, ""qty"": 65, ""rung"": 1, ""strike"": 24350}]","{""timestamp"": ""2026-05-04T10:30:00+05:30"", ""timeframe"": ""5m"", ""priced_at"": ""2026-05-04T10:30:00+05:30"", ""index_price"": 24178.26, ""option_premium"": 432.55, ""premiums"": {""24350PE"": 432.55}, ""reason"": ""trail""}",24145.91
2026-05-11T09:35:00+05:30,2026-05-11T09:35:00+05:30,5m,2026-05-26,23900,65,1,1,2026-05-15T10:30:00+05:30,2026-05-15T10:45:00+05:30,trail,21420.75,-100.75,87.95,-188.7,0,"[{""t"": ""2026-05-15T10:30:00+05:30"", ""tf"": ""5m"", ""priced_at"": ""2026-05-15T10:35:00+05:30"", ""index"": 23823.15, ""premium"": 329.55, ""qty"": 65, ""rung"": 1, ""strike"": 23900}]","{""timestamp"": ""2026-05-15T10:45:00+05:30"", ""timeframe"": ""5m"", ""priced_at"": ""2026-05-15T10:45:00+05:30"", ""index_price"": 23807.61, ""option_premium"": 328.0, ""premiums"": {""23900PE"": 328.0}, ""reason"": ""trail""}",23836.04
2026-05-11T13:50:00+05:30,2026-05-15T10:45:00+05:30,5m,2026-06-30,23950,65,1,1,2026-05-15T10:55:00+05:30,2026-05-15T11:40:00+05:30,trail,39451.75,2460.25,125.56,2334.69,0,"[{""t"": ""2026-05-15T10:55:00+05:30"", ""tf"": ""5m"", ""priced_at"": ""2026-05-15T11:00:00+05:30"", ""index"": 23827.0, ""premium"": 606.95, ""qty"": 65, ""rung"": 1, ""strike"": 23950}]","{""timestamp"": ""2026-05-15T11:40:00+05:30"", ""timeframe"": ""5m"", ""priced_at"": ""2026-05-15T11:40:00+05:30"", ""index_price"": 23722.455, ""option_premium"": 644.8, ""premiums"": {""23950PE"": 644.8}, ""reason"": ""trail""}",23864.19
2026-05-29T13:45:00+05:30,2026-05-29T13:45:00+05:30,5m,2026-06-30,23600,65,1,1,2026-06-05T10:10:00+05:30,2026-06-05T10:25:00+05:30,trail,25096.5,-552.5,94.39,-646.89,0,"[{""t"": ""2026-06-05T10:10:00+05:30"", ""tf"": ""5m"", ""priced_at"": ""2026-06-05T10:15:00+05:30"", ""index"": 23476.3, ""premium"": 386.1, ""qty"": 65, ""rung"": 1, ""strike"": 23600}]","{""timestamp"": ""2026-06-05T10:25:00+05:30"", ""timeframe"": ""5m"", ""priced_at"": ""2026-06-05T10:25:00+05:30"", ""index_price"": 23459.955, ""option_premium"": 377.6, ""premiums"": {""23600PE"": 377.6}, ""reason"": ""trail""}",23545.14
2026-06-02T14:20:00+05:30,2026-06-05T10:25:00+05:30,5m,2026-06-30,23550,65,1,1,2026-06-12T13:45:00+05:30,2026-06-12T14:00:00+05:30,trail,18538.0,-416.0,82.06,-498.06,0,"[{""t"": ""2026-06-12T13:45:00+05:30"", ""tf"": ""5m"", ""priced_at"": ""2026-06-12T13:50:00+05:30"", ""index"": 23469.55, ""premium"": 285.2, ""qty"": 65, ""rung"": 1, ""strike"": 23550}]","{""timestamp"": ""2026-06-12T14:00:00+05:30"", ""timeframe"": ""5m"", ""priced_at"": ""2026-06-12T14:00:00+05:30"", ""index_price"": 23473.575, ""option_premium"": 278.8, ""premiums"": {""23550PE"": 278.8}, ""reason"": ""trail""}",23479.78
2026-06-12T14:00:00+05:30,2026-06-12T14:00:00+05:30,5m,2026-06-30,23650,65,3,6,2026-06-12T14:20:00+05:30,2026-06-24T09:20:00+05:30,trail,114006.75,-4975.75,352.94,-5328.69,0,"[{""t"": ""2026-06-12T14:20:00+05:30"", ""tf"": ""5m"", ""priced_at"": ""2026-06-12T14:25:00+05:30"", ""index"": 23527.5, ""premium"": 316.3, ""qty"": 65, ""rung"": 1, ""strike"": 23650}, {""t"": ""2026-06-15T11:00:00+05:30"", ""tf"": ""15m"", ""priced_at"": ""2026-06-15T11:15:00+05:30"", ""index"": 23978.45, ""premium"": 314.2, ""qty"": 130, ""rung"": 2, ""strike"": 24100}, {""t"": ""2026-06-17T11:15:00+05:30"", ""tf"": ""1h"", ""priced_at"": ""2026-06-17T12:15:00+05:30"", ""index"": 24047.7, ""premium"": 269.75, ""qty"": 195, ""rung"": 3, ""strike"": 24150}]","{""timestamp"": ""2026-06-24T09:20:00+05:30"", ""timeframe"": ""5m"", ""priced_at"": ""2026-06-24T09:20:00+05:30"", ""index_price"": 23830.841, ""option_premium"": 73.4, ""premiums"": {""23650PE"": 73.4, ""24100PE"": 298.9, ""24150PE"": 335.4}, ""reason"": ""trail""}",23827.59
2026-06-18T15:20:00+05:30,2026-06-24T09:20:00+05:30,5m,2026-07-28,24250,65,1,1,2026-06-25T10:00:00+05:30,2026-06-25T10:15:00+05:30,trail,21979.75,-182.0,88.9,-270.9,0,"[{""t"": ""2026-06-25T10:00:00+05:30"", ""tf"": ""5m"", ""priced_at"": ""2026-06-25T10:05:00+05:30"", ""index"": 24172.3, ""premium"": 338.15, ""qty"": 65, ""rung"": 1, ""strike"": 24250}]","{""timestamp"": ""2026-06-25T10:15:00+05:30"", ""timeframe"": ""5m"", ""priced_at"": ""2026-06-25T10:15:00+05:30"", ""index_price"": 24163.899999999998, ""option_premium"": 335.35, ""premiums"": {""24250PE"": 335.35}, ""reason"": ""trail""}",24172.59
2026-06-25T10:15:00+05:30,2026-06-25T10:15:00+05:30,5m,2026-07-28,24300,65,1,1,2026-06-25T10:50:00+05:30,2026-06-25T11:05:00+05:30,trail,23227.75,-58.5,91.45,-149.95,0,"[{""t"": ""2026-06-25T10:50:00+05:30"", ""tf"": ""5m"", ""priced_at"": ""2026-06-25T10:55:00+05:30"", ""index"": 24182.8, ""premium"": 357.35, ""qty"": 65, ""rung"": 1, ""strike"": 24300}]","{""timestamp"": ""2026-06-25T11:05:00+05:30"", ""timeframe"": ""5m"", ""priced_at"": ""2026-06-25T11:05:00+05:30"", ""index_price"": 24178.739999999998, ""option_premium"": 356.45, ""premiums"": {""24300PE"": 356.45}, ""reason"": ""trail""}",24179.58
2026-06-25T10:45:00+05:30,2026-06-25T11:05:00+05:30,5m,2026-07-28,24300,65,1,1,2026-06-25T11:20:00+05:30,2026-06-25T11:35:00+05:30,trail,22769.5,269.75,90.99,178.76,0,"[{""t"": ""2026-06-25T11:20:00+05:30"", ""tf"": ""5m"", ""priced_at"": ""2026-06-25T11:25:00+05:30"", ""index"": 24189.95, ""premium"": 350.3, ""qty"": 65, ""rung"": 1, ""strike"": 24300}]","{""timestamp"": ""2026-06-25T11:35:00+05:30"", ""timeframe"": ""5m"", ""priced_at"": ""2026-06-25T11:35:00+05:30"", ""index_price"": 24184.07, ""option_premium"": 354.45, ""premiums"": {""24300PE"": 354.45}, ""reason"": ""trail""}",24187.89
2026-06-30T15:00:00+05:30,2026-06-30T15:00:00+05:30,5m,2026-07-28,24200,65,3,6,2026-07-02T12:15:00+05:30,2026-07-09T09:20:00+05:30,trail,108962.75,74210.5,442.41,73768.09,0,"[{""t"": ""2026-07-02T12:15:00+05:30"", ""tf"": ""5m"", ""priced_at"": ""2026-07-02T12:20:00+05:30"", ""index"": 24107.5, ""premium"": 298.4, ""qty"": 65, ""rung"": 1, ""strike"": 24200}, {""t"": ""2026-07-02T15:00:00+05:30"", ""tf"": ""15m"", ""priced_at"": ""2026-07-02T15:15:00+05:30"", ""index"": 24176.8, ""premium"": 308.05, ""qty"": 130, ""rung"": 2, ""strike"": 24300}, {""t"": ""2026-07-06T10:15:00+05:30"", ""tf"": ""1h"", ""priced_at"": ""2026-07-06T11:15:00+05:30"", ""index"": 24369.65, ""premium"": 253.95, ""qty"": 195, ""rung"": 3, ""strike"": 24450}]","{""timestamp"": ""2026-07-09T09:20:00+05:30"", ""timeframe"": ""5m"", ""priced_at"": ""2026-07-09T09:20:00+05:30"", ""index_price"": 23942.141, ""option_premium"": 370.85, ""premiums"": {""24200PE"": 370.85, ""24300PE"": 430.1, ""24450PE"": 529.0}, ""reason"": ""trail""}",24153.55
2026-07-22T09:25:00+05:30,2026-07-22T09:25:00+05:30,5m,2026-08-25,24100,65,1,1,2026-07-27T14:15:00+05:30,2026-07-27T14:30:00+05:30,trail,22369.75,-877.5,88.78,-966.28,0,"[{""t"": ""2026-07-27T14:15:00+05:30"", ""tf"": ""5m"", ""priced_at"": ""2026-07-27T14:20:00+05:30"", ""index"": 23984.65, ""premium"": 344.15, ""qty"": 65, ""rung"": 1, ""strike"": 24100}]","{""timestamp"": ""2026-07-27T14:30:00+05:30"", ""timeframe"": ""5m"", ""priced_at"": ""2026-07-27T14:30:00+05:30"", ""index_price"": 23987.345, ""option_premium"": 330.65, ""premiums"": {""24100PE"": 330.65}, ""reason"": ""trail""}",24000.23
2026-07-22T10:10:00+05:30,2026-07-27T14:30:00+05:30,5m,2026-08-25,24100,65,1,1,2026-07-27T15:10:00+05:30,2026-07-27T15:25:00+05:30,trail,20910.5,-435.5,86.56,-522.06,0,"[{""t"": ""2026-07-27T15:10:00+05:30"", ""tf"": ""5m"", ""priced_at"": ""2026-07-27T15:15:00+05:30"", ""index"": 23990.7, ""premium"": 321.7, ""qty"": 65, ""rung"": 1, ""strike"": 24100}]","{""timestamp"": ""2026-07-27T15:25:00+05:30"", ""timeframe"": ""5m"", ""priced_at"": ""2026-07-27T15:25:00+05:30"", ""index_price"": 23986.78, ""option_premium"": 315.0, ""premiums"": {""24100PE"": 315.0}, ""reason"": ""trail""}",24000.74
2026-07-22T11:35:00+05:30,2026-07-27T15:25:00+05:30,5m,2026-08-25,24100,65,1,1,2026-07-28T09:25:00+05:30,2026-07-28T09:40:00+05:30,trail,20978.75,-295.75,86.86,-382.61,0,"[{""t"": ""2026-07-28T09:25:00+05:30"", ""tf"": ""5m"", ""priced_at"": ""2026-07-28T09:30:00+05:30"", ""index"": 24003.65, ""premium"": 322.75, ""qty"": 65, ""rung"": 1, ""strike"": 24100}]","{""timestamp"": ""2026-07-28T09:40:00+05:30"", ""timeframe"": ""5m"", ""priced_at"": ""2026-07-28T09:40:00+05:30"", ""index_price"": 23991.12, ""option_premium"": 318.2, ""premiums"": {""24100PE"": 318.2}, ""reason"": ""trail""}",24011.86
2026-07-22T11:35:00+05:30,2026-07-28T09:40:00+05:30,5m,2026-08-25,24150,65,1,1,2026-07-28T11:00:00+05:30,2026-07-28T11:20:00+05:30,trail,21713.25,-383.5,88.14,-471.64,0,"[{""t"": ""2026-07-28T11:00:00+05:30"", ""tf"": ""5m"", ""priced_at"": ""2026-07-28T11:05:00+05:30"", ""index"": 24030.7, ""premium"": 334.05, ""qty"": 65, ""rung"": 1, ""strike"": 24150}]","{""timestamp"": ""2026-07-28T11:20:00+05:30"", ""timeframe"": ""5m"", ""priced_at"": ""2026-07-28T11:20:00+05:30"", ""index_price"": 24016.245, ""option_premium"": 328.15, ""premiums"": {""24150PE"": 328.15}, ""reason"": ""trail""}",24032.15
2026-07-28T10:55:00+05:30,2026-07-28T11:20:00+05:30,5m,2026-08-25,24100,65,1,1,2026-07-28T11:50:00+05:30,2026-07-28T12:10:00+05:30,trail,19695.0,-214.5,84.51,-299.01,0,"[{""t"": ""2026-07-28T11:50:00+05:30"", ""tf"": ""5m"", ""priced_at"": ""2026-07-28T11:55:00+05:30"", ""index"": 24021.2, ""premium"": 303.0, ""qty"": 65, ""rung"": 1, ""strike"": 24100}]","{""timestamp"": ""2026-07-28T12:10:00+05:30"", ""timeframe"": ""5m"", ""priced_at"": ""2026-07-28T12:10:00+05:30"", ""index_price"": 24008.915, ""option_premium"": 299.7, ""premiums"": {""24100PE"": 299.7}, ""reason"": ""trail""}",24024.08
2026-07-28T10:55:00+05:30,2026-07-28T12:10:00+05:30,5m,2026-08-25,24300,65,3,6,2026-07-29T09:35:00+05:30,,open,121361.5,,,,0,"[{""t"": ""2026-07-29T09:35:00+05:30"", ""tf"": ""5m"", ""priced_at"": ""2026-07-29T09:40:00+05:30"", ""index"": 24187.1, ""premium"": 301.0, ""qty"": 65, ""rung"": 1, ""strike"": 24300}, {""t"": ""2026-07-29T10:45:00+05:30"", ""tf"": ""15m"", ""priced_at"": ""2026-07-29T11:00:00+05:30"", ""index"": 24225.3, ""premium"": 320.0, ""qty"": 130, ""rung"": 2, ""strike"": 24350}, {""t"": ""2026-07-29T12:15:00+05:30"", ""tf"": ""1h"", ""priced_at"": ""2026-07-29T13:15:00+05:30"", ""index"": 24233.7, ""premium"": 308.7, ""qty"": 195, ""rung"": 3, ""strike"": 24350}]",{},24175.52
