mother,tf,expiry,strike,lot,buys,lots,first_fill,exit,reason,deployed,gross,costs,net,unpriced,legs,exit_detail,target_index
2024-10-30T13:05:00+05:30,5m,2024-11-28,24100,25,2,3,2024-10-31T13:35:00+05:30,2024-11-04T09:20:00+05:30,target,42186.25,-6411.25,143.28,-6554.53,0,"[{""t"": ""2024-10-31T13:35:00+05:30"", ""tf"": ""5m"", ""priced_at"": ""2024-10-31T13:40:00+05:30"", ""index"": 24206.25, ""premium"": 560.75, ""qty"": 25, ""rung"": 1}, {""t"": ""2024-10-31T14:30:00+05:30"", ""tf"": ""15m"", ""priced_at"": ""2024-10-31T14:45:00+05:30"", ""index"": 24187.1, ""premium"": 563.35, ""qty"": 50, ""rung"": 2}]","{""timestamp"": ""2024-11-04T09:20:00+05:30"", ""timeframe"": ""5m"", ""priced_at"": ""2024-11-04T09:20:00+05:30"", ""index_price"": 24269.66, ""option_premium"": 477.0, ""reason"": ""target""}",24269.66
2024-11-06T11:50:00+05:30,5m,2024-11-28,24000,25,1,1,2024-11-11T14:20:00+05:30,2024-11-11T14:40:00+05:30,target,9342.5,1370.0,66.75,1303.25,0,"[{""t"": ""2024-11-11T14:20:00+05:30"", ""tf"": ""5m"", ""priced_at"": ""2024-11-11T14:25:00+05:30"", ""index"": 24107.5, ""premium"": 373.7, ""qty"": 25, ""rung"": 1}]","{""timestamp"": ""2024-11-11T14:40:00+05:30"", ""timeframe"": ""5m"", ""priced_at"": ""2024-11-11T14:40:00+05:30"", ""index_price"": 24187.76, ""option_premium"": 428.5, ""reason"": ""target""}",24187.76
2024-11-22T13:55:00+05:30,5m,2024-12-26,23900,25,1,1,2024-11-28T13:20:00+05:30,2024-11-28T13:30:00+05:30,target,0,,,,1,"[{""t"": ""2024-11-28T13:20:00+05:30"", ""tf"": ""5m"", ""priced_at"": ""2024-11-28T13:25:00+05:30"", ""index"": 23979.35, ""premium"": null, ""qty"": 25, ""rung"": 1}]","{""timestamp"": ""2024-11-28T13:30:00+05:30"", ""timeframe"": ""5m"", ""priced_at"": ""2024-11-28T13:30:00+05:30"", ""index_price"": 23934.24, ""option_premium"": null, ""reason"": ""target""}",23934.24
2024-12-03T09:15:00+05:30,5m,2024-12-26,24450,25,1,1,2024-12-12T13:30:00+05:30,2024-12-12T13:40:00+05:30,target,0,,,,1,"[{""t"": ""2024-12-12T13:30:00+05:30"", ""tf"": ""5m"", ""priced_at"": ""2024-12-12T13:35:00+05:30"", ""index"": 24557.2, ""premium"": null, ""qty"": 25, ""rung"": 1}]","{""timestamp"": ""2024-12-12T13:40:00+05:30"", ""timeframe"": ""5m"", ""priced_at"": ""2024-12-12T13:40:00+05:30"", ""index_price"": 24512.38, ""option_premium"": null, ""reason"": ""target""}",24512.38
2024-12-13T13:35:00+05:30,5m,2024-12-26,24200,25,3,6,2024-12-17T14:30:00+05:30,2024-12-26T15:15:00+05:30,expiry,0,,,,3,"[{""t"": ""2024-12-17T14:30:00+05:30"", ""tf"": ""5m"", ""priced_at"": ""2024-12-17T14:35:00+05:30"", ""index"": 24324.25, ""premium"": null, ""qty"": 25, ""rung"": 1}, {""t"": ""2024-12-18T10:15:00+05:30"", ""tf"": ""15m"", ""priced_at"": ""2024-12-18T10:30:00+05:30"", ""index"": 24267.55, ""premium"": null, ""qty"": 50, ""rung"": 2}, {""t"": ""2024-12-18T15:15:00+05:30"", ""tf"": ""1h"", ""priced_at"": ""2024-12-18T15:30:00+05:30"", ""index"": 24196.65, ""premium"": null, ""qty"": 75, ""rung"": 3}]","{""timestamp"": ""2024-12-26T15:15:00+05:30"", ""timeframe"": ""5m"", ""priced_at"": ""2024-12-26T15:15:00+05:30"", ""index_price"": 23754.95, ""option_premium"": null, ""reason"": ""expiry""}",24358.09
2024-12-27T10:15:00+05:30,5m,2025-01-30,23550,25,3,6,2024-12-30T13:55:00+05:30,2025-01-01T10:50:00+05:30,target,76836.25,11519.75,255.44,11264.31,0,"[{""t"": ""2024-12-30T13:55:00+05:30"", ""tf"": ""5m"", ""priced_at"": ""2024-12-30T14:00:00+05:30"", ""index"": 23669.85, ""premium"": 527.75, ""qty"": 25, ""rung"": 1}, {""t"": ""2024-12-30T14:30:00+05:30"", ""tf"": ""15m"", ""priced_at"": ""2024-12-30T14:45:00+05:30"", ""index"": 23640.1, ""premium"": 536.65, ""qty"": 50, ""rung"": 2}, {""t"": ""2024-12-31T12:15:00+05:30"", ""tf"": ""1h"", ""priced_at"": ""2024-12-31T13:15:00+05:30"", ""index"": 23617.5, ""premium"": 490.8, ""qty"": 75, ""rung"": 3}]","{""timestamp"": ""2025-01-01T10:50:00+05:30"", ""timeframe"": ""5m"", ""priced_at"": ""2025-01-01T10:50:00+05:30"", ""index_price"": 23710.03, ""option_premium"": 589.04, ""reason"": ""target""}",23710.03
2025-01-02T10:45:00+05:30,5m,2025-01-30,23550,75,1,1,2025-01-06T12:00:00+05:30,2025-01-06T12:10:00+05:30,target,36821.25,453.75,118.02,335.73,0,"[{""t"": ""2025-01-06T12:00:00+05:30"", ""tf"": ""5m"", ""priced_at"": ""2025-01-06T12:05:00+05:30"", ""index"": 23627.2, ""premium"": 490.95, ""qty"": 75, ""rung"": 1}]","{""timestamp"": ""2025-01-06T12:10:00+05:30"", ""timeframe"": ""5m"", ""priced_at"": ""2025-01-06T12:10:00+05:30"", ""index_price"": 23701.55, ""option_premium"": 497.0, ""reason"": ""target""}",23701.55
2025-01-21T09:15:00+05:30,5m,2025-02-27,23050,75,1,1,2025-01-21T12:25:00+05:30,2025-01-21T13:00:00+05:30,target,49818.75,813.75,143.28,670.47,0,"[{""t"": ""2025-01-21T12:25:00+05:30"", ""tf"": ""5m"", ""priced_at"": ""2025-01-21T12:30:00+05:30"", ""index"": 23142.75, ""premium"": 664.25, ""qty"": 75, ""rung"": 1}]","{""timestamp"": ""2025-01-21T13:00:00+05:30"", ""timeframe"": ""5m"", ""priced_at"": ""2025-01-21T13:00:00+05:30"", ""index_price"": 23213.64, ""option_premium"": 675.1, ""reason"": ""target""}",23213.64
2025-01-30T15:25:00+05:30,5m,2025-02-27,23350,75,1,1,2025-02-07T14:20:00+05:30,2025-02-07T14:30:00+05:30,target,29223.75,776.25,103.94,672.31,0,"[{""t"": ""2025-02-07T14:20:00+05:30"", ""tf"": ""5m"", ""priced_at"": ""2025-02-07T14:25:00+05:30"", ""index"": 23461.05, ""premium"": 389.65, ""qty"": 75, ""rung"": 1}]","{""timestamp"": ""2025-02-07T14:30:00+05:30"", ""timeframe"": ""5m"", ""priced_at"": ""2025-02-07T14:30:00+05:30"", ""index_price"": 23426.3, ""option_premium"": 400.0, ""reason"": ""target""}",23426.3
2025-03-06T09:15:00+05:30,5m,2025-03-27,22250,75,1,1,2025-03-12T12:00:00+05:30,2025-03-12T12:35:00+05:30,target,24063.75,1001.25,94.38,906.87,0,"[{""t"": ""2025-03-12T12:00:00+05:30"", ""tf"": ""5m"", ""priced_at"": ""2025-03-12T12:05:00+05:30"", ""index"": 22343.55, ""premium"": 320.85, ""qty"": 75, ""rung"": 1}]","{""timestamp"": ""2025-03-12T12:35:00+05:30"", ""timeframe"": ""5m"", ""priced_at"": ""2025-03-12T12:35:00+05:30"", ""index_price"": 22380.49, ""option_premium"": 334.2, ""reason"": ""target""}",22380.49
2025-03-18T09:15:00+05:30,5m,2025-04-30,23400,75,1,1,2025-03-28T12:45:00+05:30,2025-03-28T12:55:00+05:30,target,35958.75,701.25,116.69,584.56,0,"[{""t"": ""2025-03-28T12:45:00+05:30"", ""tf"": ""5m"", ""priced_at"": ""2025-03-28T12:50:00+05:30"", ""index"": 23512.6, ""premium"": 479.45, ""qty"": 75, ""rung"": 1}]","{""timestamp"": ""2025-03-28T12:55:00+05:30"", ""timeframe"": ""5m"", ""priced_at"": ""2025-03-28T12:55:00+05:30"", ""index_price"": 23301.99, ""option_premium"": 488.8, ""reason"": ""target""}",23301.99
2025-04-11T12:15:00+05:30,5m,2025-04-30,23850,75,1,1,2025-04-25T10:30:00+05:30,2025-04-25T10:40:00+05:30,target,19893.75,1113.75,86.56,1027.19,0,"[{""t"": ""2025-04-25T10:30:00+05:30"", ""tf"": ""5m"", ""priced_at"": ""2025-04-25T10:35:00+05:30"", ""index"": 23961.0, ""premium"": 265.25, ""qty"": 75, ""rung"": 1}]","{""timestamp"": ""2025-04-25T10:40:00+05:30"", ""timeframe"": ""5m"", ""priced_at"": ""2025-04-25T10:40:00+05:30"", ""index_price"": 23701.73, ""option_premium"": 280.1, ""reason"": ""target""}",23701.73
2025-04-29T09:15:00+05:30,5m,2025-05-29,24200,75,2,3,2025-05-08T14:55:00+05:30,2025-05-12T09:20:00+05:30,target,85845.0,48738.75,295.61,48443.14,0,"[{""t"": ""2025-05-08T14:55:00+05:30"", ""tf"": ""5m"", ""priced_at"": ""2025-05-08T15:00:00+05:30"", ""index"": 24291.3, ""premium"": 468.0, ""qty"": 75, ""rung"": 1}, {""t"": ""2025-05-09T10:45:00+05:30"", ""tf"": ""15m"", ""priced_at"": ""2025-05-09T11:00:00+05:30"", ""index"": 24012.5, ""premium"": 338.3, ""qty"": 150, ""rung"": 2}]","{""timestamp"": ""2025-05-12T09:20:00+05:30"", ""timeframe"": ""5m"", ""priced_at"": ""2025-05-12T09:20:00+05:30"", ""index_price"": 24189.64, ""option_premium"": 598.15, ""reason"": ""target""}",24189.64
2025-05-12T09:20:00+05:30,5m,2025-05-29,24600,75,1,1,2025-05-20T15:00:00+05:30,2025-05-20T15:10:00+05:30,target,25200.0,52.5,95.35,-42.85,0,"[{""t"": ""2025-05-20T15:00:00+05:30"", ""tf"": ""5m"", ""priced_at"": ""2025-05-20T15:05:00+05:30"", ""index"": 24689.25, ""premium"": 336.0, ""qty"": 75, ""rung"": 1}]","{""timestamp"": ""2025-05-20T15:10:00+05:30"", ""timeframe"": ""5m"", ""priced_at"": ""2025-05-20T15:10:00+05:30"", ""index_price"": 24664.52, ""option_premium"": 336.7, ""reason"": ""target""}",24664.52
2025-05-26T09:15:00+05:30,5m,2025-06-26,24650,75,1,1,2025-05-28T14:05:00+05:30,2025-05-29T09:20:00+05:30,target,44880.0,1627.5,134.88,1492.62,0,"[{""t"": ""2025-05-28T14:05:00+05:30"", ""tf"": ""5m"", ""priced_at"": ""2025-05-28T14:10:00+05:30"", ""index"": 24773.3, ""premium"": 598.4, ""qty"": 75, ""rung"": 1}]","{""timestamp"": ""2025-05-29T09:20:00+05:30"", ""timeframe"": ""5m"", ""priced_at"": ""2025-05-29T09:20:00+05:30"", ""index_price"": 24833.7, ""option_premium"": 620.1, ""reason"": ""target""}",24833.7
2025-06-05T12:10:00+05:30,5m,2025-06-26,24950,75,1,1,2025-06-12T12:05:00+05:30,2025-06-12T12:15:00+05:30,target,26396.25,-195.0,97.33,-292.33,0,"[{""t"": ""2025-06-12T12:05:00+05:30"", ""tf"": ""5m"", ""priced_at"": ""2025-06-12T12:10:00+05:30"", ""index"": 25029.95, ""premium"": 351.95, ""qty"": 75, ""rung"": 1}]","{""timestamp"": ""2025-06-12T12:15:00+05:30"", ""timeframe"": ""5m"", ""priced_at"": ""2025-06-12T12:15:00+05:30"", ""index_price"": 24991.19, ""option_premium"": 349.35, ""reason"": ""target""}",24991.19
2025-06-20T10:25:00+05:30,5m,2025-07-31,24750,75,1,1,2025-07-25T12:30:00+05:30,2025-07-25T12:45:00+05:30,target,13893.75,1132.5,75.13,1057.37,0,"[{""t"": ""2025-07-25T12:30:00+05:30"", ""tf"": ""5m"", ""priced_at"": ""2025-07-25T12:35:00+05:30"", ""index"": 24829.2, ""premium"": 185.25, ""qty"": 75, ""rung"": 1}]","{""timestamp"": ""2025-07-25T12:45:00+05:30"", ""timeframe"": ""5m"", ""priced_at"": ""2025-07-25T12:45:00+05:30"", ""index_price"": 24876.57, ""option_premium"": 200.35, ""reason"": ""target""}",24876.57
2025-07-31T12:55:00+05:30,5m,2025-08-28,24550,75,2,3,2025-08-01T11:50:00+05:30,2025-08-04T12:40:00+05:30,target,88125.0,6375.0,246.93,6128.07,0,"[{""t"": ""2025-08-01T11:50:00+05:30"", ""tf"": ""5m"", ""priced_at"": ""2025-08-01T11:55:00+05:30"", ""index"": 24669.45, ""premium"": 405.0, ""qty"": 75, ""rung"": 1}, {""t"": ""2025-08-01T14:30:00+05:30"", ""tf"": ""15m"", ""priced_at"": ""2025-08-01T14:45:00+05:30"", ""index"": 24635.45, ""premium"": 385.0, ""qty"": 150, ""rung"": 2}]","{""timestamp"": ""2025-08-04T12:40:00+05:30"", ""timeframe"": ""5m"", ""priced_at"": ""2025-08-04T12:40:00+05:30"", ""index_price"": 24711.6, ""option_premium"": 420.0, ""reason"": ""target""}",24711.6
2025-08-12T09:30:00+05:30,5m,2025-08-28,24800,75,1,1,2025-08-22T10:45:00+05:30,2025-08-22T10:55:00+05:30,target,15018.75,-142.5,75.68,-218.18,0,"[{""t"": ""2025-08-22T10:45:00+05:30"", ""tf"": ""5m"", ""priced_at"": ""2025-08-22T10:50:00+05:30"", ""index"": 24920.5, ""premium"": 200.25, ""qty"": 75, ""rung"": 1}]","{""timestamp"": ""2025-08-22T10:55:00+05:30"", ""timeframe"": ""5m"", ""priced_at"": ""2025-08-22T10:55:00+05:30"", ""index_price"": 24850.64, ""option_premium"": 198.35, ""reason"": ""target""}",24850.64
2025-09-04T09:15:00+05:30,5m,2025-09-30,24550,75,1,1,2025-09-05T12:55:00+05:30,2025-09-05T13:50:00+05:30,target,28121.25,5025.0,107.15,4917.85,0,"[{""t"": ""2025-09-05T12:55:00+05:30"", ""tf"": ""5m"", ""priced_at"": ""2025-09-05T13:00:00+05:30"", ""index"": 24635.45, ""premium"": 374.95, ""qty"": 75, ""rung"": 1}]","{""timestamp"": ""2025-09-05T13:50:00+05:30"", ""timeframe"": ""5m"", ""priced_at"": ""2025-09-05T13:50:00+05:30"", ""index_price"": 24721.78, ""option_premium"": 441.95, ""reason"": ""target""}",24721.78
2025-09-10T09:15:00+05:30,5m,2025-09-30,25100,75,1,1,2025-09-22T15:00:00+05:30,2025-09-22T15:10:00+05:30,target,19301.25,-1218.75,82.5,-1301.25,0,"[{""t"": ""2025-09-22T15:00:00+05:30"", ""tf"": ""5m"", ""priced_at"": ""2025-09-22T15:05:00+05:30"", ""index"": 25212.0, ""premium"": 257.35, ""qty"": 75, ""rung"": 1}]","{""timestamp"": ""2025-09-22T15:10:00+05:30"", ""timeframe"": ""5m"", ""priced_at"": ""2025-09-22T15:10:00+05:30"", ""index_price"": 25157.2, ""option_premium"": 241.1, ""reason"": ""target""}",25157.2
2025-10-01T14:20:00+05:30,5m,2025-10-28,25000,75,1,1,2025-10-14T12:45:00+05:30,2025-10-14T12:55:00+05:30,target,22785.0,116.25,90.82,25.43,0,"[{""t"": ""2025-10-14T12:45:00+05:30"", ""tf"": ""5m"", ""priced_at"": ""2025-10-14T12:50:00+05:30"", ""index"": 25077.0, ""premium"": 303.8, ""qty"": 75, ""rung"": 1}]","{""timestamp"": ""2025-10-14T12:55:00+05:30"", ""timeframe"": ""5m"", ""priced_at"": ""2025-10-14T12:55:00+05:30"", ""index_price"": 25013.38, ""option_premium"": 305.35, ""reason"": ""target""}",25013.38
2025-10-15T12:55:00+05:30,5m,2025-11-25,25800,75,1,1,2025-10-30T13:50:00+05:30,2025-10-30T14:00:00+05:30,target,33375.0,637.5,111.69,525.81,0,"[{""t"": ""2025-10-30T13:50:00+05:30"", ""tf"": ""5m"", ""priced_at"": ""2025-10-30T13:55:00+05:30"", ""index"": 25880.8, ""premium"": 445.0, ""qty"": 75, ""rung"": 1}]","{""timestamp"": ""2025-10-30T14:00:00+05:30"", ""timeframe"": ""5m"", ""priced_at"": ""2025-10-30T14:00:00+05:30"", ""index_price"": 25743.58, ""option_premium"": 453.5, ""reason"": ""target""}",25743.58
2025-11-11T13:45:00+05:30,5m,2025-11-25,25850,75,1,1,2025-11-24T15:25:00+05:30,2025-11-25T09:20:00+05:30,target,10680.0,-783.75,66.61,-850.36,0,"[{""t"": ""2025-11-24T15:25:00+05:30"", ""tf"": ""5m"", ""priced_at"": ""2025-11-24T15:30:00+05:30"", ""index"": 25950.95, ""premium"": 142.4, ""qty"": 75, ""rung"": 1}]","{""timestamp"": ""2025-11-25T09:20:00+05:30"", ""timeframe"": ""5m"", ""priced_at"": ""2025-11-25T09:20:00+05:30"", ""index_price"": 25880.25, ""option_premium"": 131.95, ""reason"": ""target""}",25880.25
2025-11-26T13:55:00+05:30,5m,2025-12-30,26000,75,3,6,2025-12-02T09:55:00+05:30,2025-12-04T10:20:00+05:30,target,174292.5,-4462.5,421.38,-4883.88,0,"[{""t"": ""2025-12-02T09:55:00+05:30"", ""tf"": ""5m"", ""priced_at"": ""2025-12-02T10:00:00+05:30"", ""index"": 26079.3, ""premium"": 445.9, ""qty"": 75, ""rung"": 1}, {""t"": ""2025-12-02T12:00:00+05:30"", ""tf"": ""15m"", ""priced_at"": ""2025-12-02T12:15:00+05:30"", ""index"": 26058.7, ""premium"": 429.0, ""qty"": 150, ""rung"": 2}, {""t"": ""2025-12-03T11:15:00+05:30"", ""tf"": ""1h"", ""priced_at"": ""2025-12-03T12:15:00+05:30"", ""index"": 25928.2, ""premium"": 340.0, ""qty"": 225, ""rung"": 3}]","{""timestamp"": ""2025-12-04T10:20:00+05:30"", ""timeframe"": ""5m"", ""priced_at"": ""2025-12-04T10:20:00+05:30"", ""index_price"": 26046.64, ""option_premium"": 377.4, ""reason"": ""target""}",26046.64
2025-12-05T12:50:00+05:30,5m,2025-12-30,25800,75,2,3,2025-12-08T13:40:00+05:30,2025-12-09T12:25:00+05:30,target,79683.75,7447.5,232.17,7215.33,0,"[{""t"": ""2025-12-08T13:40:00+05:30"", ""tf"": ""5m"", ""priced_at"": ""2025-12-08T13:45:00+05:30"", ""index"": 25919.1, ""premium"": 418.45, ""qty"": 75, ""rung"": 1}, {""t"": ""2025-12-09T10:00:00+05:30"", ""tf"": ""15m"", ""priced_at"": ""2025-12-09T10:15:00+05:30"", ""index"": 25760.1, ""premium"": 322.0, ""qty"": 150, ""rung"": 2}]","{""timestamp"": ""2025-12-09T12:25:00+05:30"", ""timeframe"": ""5m"", ""priced_at"": ""2025-12-09T12:25:00+05:30"", ""index_price"": 25910.47, ""option_premium"": 387.25, ""reason"": ""target""}",25910.47
2025-12-12T14:00:00+05:30,5m,2025-12-30,25750,75,2,3,2025-12-17T10:15:00+05:30,2025-12-18T11:55:00+05:30,target,57277.5,8004.0,190.11,7813.89,0,"[{""t"": ""2025-12-17T10:15:00+05:30"", ""tf"": ""5m"", ""priced_at"": ""2025-12-17T10:20:00+05:30"", ""index"": 25845.65, ""premium"": 282.8, ""qty"": 75, ""rung"": 1}, {""t"": ""2025-12-17T12:45:00+05:30"", ""tf"": ""15m"", ""priced_at"": ""2025-12-17T13:00:00+05:30"", ""index"": 25796.25, ""premium"": 240.45, ""qty"": 150, ""rung"": 2}]","{""timestamp"": ""2025-12-18T11:55:00+05:30"", ""timeframe"": ""5m"", ""priced_at"": ""2025-12-18T11:55:00+05:30"", ""index_price"": 25870.57, ""option_premium"": 290.14, ""reason"": ""target""}",25870.57
2025-12-19T13:45:00+05:30,5m,2026-01-27,25950,75,1,1,2025-12-26T14:10:00+05:30,2025-12-26T14:20:00+05:30,target,32632.5,-288.75,109.1,-397.85,0,"[{""t"": ""2025-12-26T14:10:00+05:30"", ""tf"": ""5m"", ""priced_at"": ""2025-12-26T14:15:00+05:30"", ""index"": 26044.5, ""premium"": 435.1, ""qty"": 75, ""rung"": 1}]","{""timestamp"": ""2025-12-26T14:20:00+05:30"", ""timeframe"": ""5m"", ""priced_at"": ""2025-12-26T14:20:00+05:30"", ""index_price"": 26029.67, ""option_premium"": 431.25, ""reason"": ""target""}",26029.67
2025-12-31T13:20:00+05:30,5m,2026-01-27,26050,75,1,1,2026-01-06T11:25:00+05:30,2026-01-06T11:35:00+05:30,target,27900.0,288.75,100.81,187.94,0,"[{""t"": ""2026-01-06T11:25:00+05:30"", ""tf"": ""5m"", ""priced_at"": ""2026-01-06T11:30:00+05:30"", ""index"": 26156.6, ""premium"": 372.0, ""qty"": 75, ""rung"": 1}]","{""timestamp"": ""2026-01-06T11:35:00+05:30"", ""timeframe"": ""5m"", ""priced_at"": ""2026-01-06T11:35:00+05:30"", ""index_price"": 26157.15, ""option_premium"": 375.85, ""reason"": ""target""}",26157.15
2026-01-29T13:30:00+05:30,5m,2026-02-24,24800,65,1,1,2026-02-01T12:35:00+05:30,2026-02-01T12:45:00+05:30,target,34593.0,-588.25,112.48,-700.73,0,"[{""t"": ""2026-02-01T12:35:00+05:30"", ""tf"": ""5m"", ""priced_at"": ""2026-02-01T12:40:00+05:30"", ""index"": 24906.45, ""premium"": 532.2, ""qty"": 65, ""rung"": 1}]","{""timestamp"": ""2026-02-01T12:45:00+05:30"", ""timeframe"": ""5m"", ""priced_at"": ""2026-02-01T12:45:00+05:30"", ""index_price"": 25024.85, ""option_premium"": 523.15, ""reason"": ""target""}",25024.85
2026-02-03T09:15:00+05:30,5m,2026-02-24,25450,65,2,3,2026-02-13T09:40:00+05:30,2026-02-17T10:30:00+05:30,target,47063.25,23244.0,189.7,23054.3,0,"[{""t"": ""2026-02-13T09:40:00+05:30"", ""tf"": ""5m"", ""priced_at"": ""2026-02-13T09:45:00+05:30"", ""index"": 25547.7, ""premium"": 285.35, ""qty"": 65, ""rung"": 1}, {""t"": ""2026-02-16T09:15:00+05:30"", ""tf"": ""15m"", ""priced_at"": ""2026-02-16T09:30:00+05:30"", ""index"": 25477.2, ""premium"": 219.35, ""qty"": 130, ""rung"": 2}]","{""timestamp"": ""2026-02-17T10:30:00+05:30"", ""timeframe"": ""5m"", ""priced_at"": ""2026-02-17T10:30:00+05:30"", ""index_price"": 25710.83, ""option_premium"": 360.55, ""reason"": ""target""}",25710.83
2026-02-18T14:15:00+05:30,5m,2026-03-30,25400,65,2,3,2026-02-19T14:50:00+05:30,2026-02-20T10:25:00+05:30,target,97311.5,14384.5,274.49,14110.01,0,"[{""t"": ""2026-02-19T14:50:00+05:30"", ""tf"": ""5m"", ""priced_at"": ""2026-02-19T14:55:00+05:30"", ""index"": 25518.25, ""premium"": 547.5, ""qty"": 65, ""rung"": 1}, {""t"": ""2026-02-20T09:15:00+05:30"", ""tf"": ""15m"", ""priced_at"": ""2026-02-20T09:30:00+05:30"", ""index"": 25447.6, ""premium"": 474.8, ""qty"": 130, ""rung"": 2}]","{""timestamp"": ""2026-02-20T10:25:00+05:30"", ""timeframe"": ""5m"", ""priced_at"": ""2026-02-20T10:25:00+05:30"", ""index_price"": 25546.35, ""option_premium"": 572.8, ""reason"": ""target""}",25546.35
2026-03-18T11:40:00+05:30,5m,2026-04-28,23100,65,2,3,2026-03-19T13:35:00+05:30,2026-03-20T09:35:00+05:30,target,149571.5,20878.0,382.34,20495.66,0,"[{""t"": ""2026-03-19T13:35:00+05:30"", ""tf"": ""5m"", ""priced_at"": ""2026-03-19T13:40:00+05:30"", ""index"": 23176.65, ""premium"": 796.0, ""qty"": 65, ""rung"": 1}, {""t"": ""2026-03-19T14:30:00+05:30"", ""tf"": ""15m"", ""priced_at"": ""2026-03-19T14:45:00+05:30"", ""index"": 23111.3, ""premium"": 752.55, ""qty"": 130, ""rung"": 2}]","{""timestamp"": ""2026-03-20T09:35:00+05:30"", ""timeframe"": ""5m"", ""priced_at"": ""2026-03-20T09:35:00+05:30"", ""index_price"": 23308.8, ""option_premium"": 874.1, ""reason"": ""target""}",23308.8
2026-03-25T10:40:00+05:30,5m,2026-04-28,22400,65,2,3,2026-03-30T10:45:00+05:30,2026-04-01T09:20:00+05:30,target,169991.25,23058.75,424.03,22634.72,0,"[{""t"": ""2026-03-30T10:45:00+05:30"", ""tf"": ""5m"", ""priced_at"": ""2026-03-30T10:50:00+05:30"", ""index"": 22522.45, ""premium"": 893.25, ""qty"": 65, ""rung"": 1}, {""t"": ""2026-03-30T11:30:00+05:30"", ""tf"": ""15m"", ""priced_at"": ""2026-03-30T11:45:00+05:30"", ""index"": 22478.55, ""premium"": 861.0, ""qty"": 130, ""rung"": 2}]","{""timestamp"": ""2026-04-01T09:20:00+05:30"", ""timeframe"": ""5m"", ""priced_at"": ""2026-04-01T09:20:00+05:30"", ""index_price"": 22712.28, ""option_premium"": 990.0, ""reason"": ""target""}",22712.28
2026-04-06T15:00:00+05:30,5m,2026-04-28,24100,65,1,1,2026-04-23T11:15:00+05:30,2026-04-23T11:25:00+05:30,target,15174.25,29.25,76.19,-46.94,0,"[{""t"": ""2026-04-23T11:15:00+05:30"", ""tf"": ""5m"", ""priced_at"": ""2026-04-23T11:20:00+05:30"", ""index"": 24201.35, ""premium"": 233.45, ""qty"": 65, ""rung"": 1}]","{""timestamp"": ""2026-04-23T11:25:00+05:30"", ""timeframe"": ""5m"", ""priced_at"": ""2026-04-23T11:25:00+05:30"", ""index_price"": 23893.27, ""option_premium"": 233.9, ""reason"": ""target""}",23893.27
2026-04-29T10:25:00+05:30,5m,2026-05-26,23800,65,2,3,2026-04-30T09:30:00+05:30,2026-04-30T13:25:00+05:30,target,103879.75,11823.5,283.82,11539.68,0,"[{""t"": ""2026-04-30T09:30:00+05:30"", ""tf"": ""5m"", ""priced_at"": ""2026-04-30T09:35:00+05:30"", ""index"": 23900.8, ""premium"": 552.35, ""qty"": 65, ""rung"": 1}, {""t"": ""2026-04-30T10:30:00+05:30"", ""tf"": ""15m"", ""priced_at"": ""2026-04-30T10:45:00+05:30"", ""index"": 23828.6, ""premium"": 522.9, ""qty"": 130, ""rung"": 2}]","{""timestamp"": ""2026-04-30T13:25:00+05:30"", ""timeframe"": ""5m"", ""priced_at"": ""2026-04-30T13:25:00+05:30"", ""index_price"": 23963.58, ""option_premium"": 593.35, ""reason"": ""target""}",23963.58
2026-05-06T14:25:00+05:30,5m,2026-05-26,23800,65,2,3,2026-05-11T09:45:00+05:30,2026-05-11T13:40:00+05:30,target,83060.25,4884.75,235.4,4649.35,0,"[{""t"": ""2026-05-11T09:45:00+05:30"", ""tf"": ""5m"", ""priced_at"": ""2026-05-11T09:50:00+05:30"", ""index"": 23881.8, ""premium"": 424.25, ""qty"": 65, ""rung"": 1}, {""t"": ""2026-05-11T10:45:00+05:30"", ""tf"": ""15m"", ""priced_at"": ""2026-05-11T11:00:00+05:30"", ""index"": 23869.2, ""premium"": 426.8, ""qty"": 130, ""rung"": 2}]","{""timestamp"": ""2026-05-11T13:40:00+05:30"", ""timeframe"": ""5m"", ""priced_at"": ""2026-05-11T13:40:00+05:30"", ""index_price"": 23988.06, ""option_premium"": 451.0, ""reason"": ""target""}",23988.06
2026-05-21T09:15:00+05:30,5m,2026-06-30,23650,65,1,1,2026-05-29T13:55:00+05:30,2026-05-29T14:35:00+05:30,target,32685.25,1114.75,110.96,1003.79,0,"[{""t"": ""2026-05-29T13:55:00+05:30"", ""tf"": ""5m"", ""priced_at"": ""2026-05-29T14:00:00+05:30"", ""index"": 23754.1, ""premium"": 502.85, ""qty"": 65, ""rung"": 1}]","{""timestamp"": ""2026-05-29T14:35:00+05:30"", ""timeframe"": ""5m"", ""priced_at"": ""2026-05-29T14:35:00+05:30"", ""index_price"": 23780.55, ""option_premium"": 520.0, ""reason"": ""target""}",23780.55
2026-06-12T09:15:00+05:30,5m,2026-06-30,23850,65,1,1,2026-06-19T15:00:00+05:30,2026-06-19T15:10:00+05:30,target,20189.0,289.25,86.09,203.16,0,"[{""t"": ""2026-06-19T15:00:00+05:30"", ""tf"": ""5m"", ""priced_at"": ""2026-06-19T15:05:00+05:30"", ""index"": 23929.65, ""premium"": 310.6, ""qty"": 65, ""rung"": 1}]","{""timestamp"": ""2026-06-19T15:10:00+05:30"", ""timeframe"": ""5m"", ""priced_at"": ""2026-06-19T15:10:00+05:30"", ""index_price"": 23811.23, ""option_premium"": 315.05, ""reason"": ""target""}",23811.23
2026-06-25T09:25:00+05:30,5m,2026-07-28,23750,65,1,1,2026-06-30T09:50:00+05:30,2026-06-30T11:25:00+05:30,target,31395.0,4290.0,112.47,4177.53,0,"[{""t"": ""2026-06-30T09:50:00+05:30"", ""tf"": ""5m"", ""priced_at"": ""2026-06-30T09:55:00+05:30"", ""index"": 23870.35, ""premium"": 483.0, ""qty"": 65, ""rung"": 1}]","{""timestamp"": ""2026-06-30T11:25:00+05:30"", ""timeframe"": ""5m"", ""priced_at"": ""2026-06-30T11:25:00+05:30"", ""index_price"": 23945.19, ""option_premium"": 549.0, ""reason"": ""target""}",23945.19
2026-07-02T14:35:00+05:30,5m,2026-07-28,24150,65,1,1,2026-07-08T12:15:00+05:30,2026-07-08T12:25:00+05:30,target,20796.75,-845.0,85.82,-930.82,0,"[{""t"": ""2026-07-08T12:15:00+05:30"", ""tf"": ""5m"", ""priced_at"": ""2026-07-08T12:20:00+05:30"", ""index"": 24226.95, ""premium"": 319.95, ""qty"": 65, ""rung"": 1}]","{""timestamp"": ""2026-07-08T12:25:00+05:30"", ""timeframe"": ""5m"", ""priced_at"": ""2026-07-08T12:25:00+05:30"", ""index_price"": 24214.29, ""option_premium"": 306.95, ""reason"": ""target""}",24214.29
2026-07-17T10:15:00+05:30,5m,2026-08-25,23900,65,3,6,2026-07-22T09:40:00+05:30,2026-07-29T09:20:00+05:30,target,188461.0,22958.0,482.75,22475.25,0,"[{""t"": ""2026-07-22T09:40:00+05:30"", ""tf"": ""5m"", ""priced_at"": ""2026-07-22T09:45:00+05:30"", ""index"": 24024.25, ""premium"": 495.9, ""qty"": 65, ""rung"": 1}, {""t"": ""2026-07-22T10:45:00+05:30"", ""tf"": ""15m"", ""priced_at"": ""2026-07-22T11:00:00+05:30"", ""index"": 24007.6, ""premium"": 483.1, ""qty"": 130, ""rung"": 2}, {""t"": ""2026-07-22T14:15:00+05:30"", ""tf"": ""1h"", ""priced_at"": ""2026-07-22T15:15:00+05:30"", ""index"": 23978.85, ""premium"": 479.1, ""qty"": 195, ""rung"": 3}]","{""timestamp"": ""2026-07-29T09:20:00+05:30"", ""timeframe"": ""5m"", ""priced_at"": ""2026-07-29T09:20:00+05:30"", ""index_price"": 24066.75, ""option_premium"": 542.1, ""reason"": ""target""}",24066.75
2026-07-29T09:35:00+05:30,5m,2026-08-25,24400,65,1,1,2026-08-11T09:25:00+05:30,2026-08-11T09:35:00+05:30,target,20091.5,0.0,85.54,-85.54,0,"[{""t"": ""2026-08-11T09:25:00+05:30"", ""tf"": ""5m"", ""priced_at"": ""2026-08-11T09:30:00+05:30"", ""index"": 24504.75, ""premium"": 309.1, ""qty"": 65, ""rung"": 1}]","{""timestamp"": ""2026-08-11T09:35:00+05:30"", ""timeframe"": ""5m"", ""priced_at"": ""2026-08-11T09:35:00+05:30"", ""index_price"": 24431.3, ""option_premium"": 309.1, ""reason"": ""target""}",24431.3
