session,exit_session,side,strike,expiry,lot,rsi,close,ema,entry_spot,exit_spot,entry_premium,exit_premium,priced,capital,charges,net
2021-01-05,2021-01-06,CE,14000,2021-01-07,75,72.7,14207.1,14169.31,14202.3,14239.3,216.0,230.85,True,16200.0,77.34,1036.4099999999996
2021-01-08,2021-01-11,CE,14150,2021-01-14,75,71.2,14357.4,14311.78,14346.6,14428.9,239.25,283.45,True,17943.75,82.93,3232.0699999999993
2021-01-25,2021-01-27,PE,14450,2021-01-28,75,24.8,14240.5,14297.39,14227.7,14166.7,224.85,288.35,True,16863.75,82.64,4679.8600000000015
2021-01-29,2021-02-01,PE,13800,2021-02-04,75,27.0,13625.4,13751.53,13613.4,13710.0,295.0,250.3,True,22125.0,82.88,-3435.379999999999
2021-02-01,2021-02-02,CE,14050,2021-02-04,75,70.5,14268.2,14205.77,14262.2,14573.6,285.65,518.35,True,21423.75,105.06,17347.440000000002
2021-03-02,2021-03-03,CE,14700,2021-03-04,75,72.0,14932.8,14854.54,14903.3,15053.2,228.95,354.25,True,17171.25,88.41,9309.09
2021-03-03,2021-03-04,CE,15050,2021-03-04,75,74.2,15248.1,15183.72,15241.9,15066.1,206.65,68.2,True,15498.75,63.14,-10446.89
2021-03-09,2021-03-10,CE,14900,2021-03-10,75,72.5,15114.0,15028.94,15095.6,15208.3,209.25,301.15,True,15693.75,82.95,6809.549999999998
2021-03-17,2021-03-18,PE,14900,2021-03-18,75,19.1,14698.8,14780.78,14701.1,14860.9,192.6,87.45,True,14445.0,64.07,-7950.319999999999
2021-04-13,2021-04-15,CE,14300,2021-04-15,75,70.5,14508.6,14454.12,14499.8,14555.6,230.55,263.0,True,17291.25,80.77,2352.979999999999
2021-04-30,2021-05-03,PE,14850,2021-05-06,75,24.7,14631.2,14699.39,14636.0,14452.2,277.6,394.45,True,20820.0,94.2,8669.549999999997
2021-05-17,2021-05-18,CE,14700,2021-05-20,75,72.2,14920.4,14891.66,14915.9,15107.1,255.7,403.55,True,19177.5,93.89,10994.860000000002
2021-05-21,2021-05-24,CE,14950,2021-05-27,75,77.4,15182.8,15142.61,15172.7,15242.8,291.8,314.9,True,21885.0,88.18,1644.3199999999974
2021-06-02,2021-06-03,CE,15350,2021-06-03,75,78.6,15573.4,15524.81,15571.1,15656.1,225.55,297.55,True,16916.25,83.45,5316.55
2021-06-30,2021-07-01,PE,15900,2021-07-01,75,23.1,15714.1,15762.71,15716.2,15717.7,174.45,178.05,True,13083.75,70.83,199.17000000000172
2021-07-06,2021-07-07,PE,16000,2021-07-08,75,25.4,15807.0,15858.56,15813.1,15799.7,183.8,218.75,True,13785.0,74.73,2546.519999999999
2021-07-30,2021-08-02,PE,15950,2021-08-05,50,21.7,15748.7,15807.16,15757.6,15863.5,206.45,131.3,True,10322.5,61.37,-3818.869999999999
2021-08-03,2021-08-04,CE,15950,2021-08-05,50,82.1,16125.8,16076.05,16128.2,16228.3,188.1,274.65,True,9405.0,68.85,4258.649999999999
2021-08-17,2021-08-18,CE,16400,2021-08-18,50,73.7,16622.2,16573.12,16616.0,16676.5,213.1,273.0,True,10655.0,69.57,2925.4300000000003
2021-08-30,2021-08-31,CE,16750,2021-09-02,50,76.4,16934.1,16902.41,16926.4,16957.1,181.25,215.0,True,9062.5,65.26,1622.24
2021-08-31,2021-09-01,CE,16950,2021-09-02,50,80.3,17142.6,17072.07,17135.9,17154.0,196.1,205.65,True,9805.0,65.22,412.28000000000054
2021-09-21,2021-09-22,CE,17350,2021-09-23,50,72.6,17548.2,17512.01,17544.5,17588.2,233.8,249.6,True,11690.0,68.94,721.059999999999
2021-09-28,2021-09-29,CE,17550,2021-09-30,50,72.0,17770.7,17680.34,17764.7,17648.8,227.7,147.4,True,11385.0,62.98,-4077.979999999999
2021-10-05,2021-10-06,CE,17650,2021-10-07,50,73.9,17828.2,17798.47,17827.35,17863.7,204.85,218.2,True,10242.5,66.22,601.2799999999997
2021-10-19,2021-10-20,PE,18600,2021-10-21,50,25.2,18404.75,18497.58,18416.2,18389.7,189.2,206.85,True,9460.0,65.06,817.4400000000003
2021-11-17,2021-11-18,PE,18100,2021-11-18,50,26.7,17894.2,17945.96,17916.8,17920.85,188.8,176.95,True,9440.0,63.37,-655.8700000000011
2021-11-24,2021-11-25,PE,17650,2021-11-25,50,24.5,17415.05,17495.7,17432.3,17440.55,220.0,220.85,True,11000.0,66.86,-24.360000000000284
2021-11-30,2021-12-01,PE,17200,2021-12-02,50,28.9,16982.85,17083.01,16987.85,17192.55,243.7,114.0,True,12185.0,61.62,-6546.619999999999
2021-12-06,2021-12-07,PE,17100,2021-12-09,50,21.9,16909.75,16980.49,16916.05,17051.1,229.25,136.3,True,11462.5,62.4,-4709.899999999999
2021-12-10,2021-12-13,CE,17300,2021-12-16,50,73.3,17522.2,17478.29,17517.3,17629.25,275.1,365.0,True,13755.000000000002,76.79,4418.209999999999
2022-01-04,2022-01-05,CE,17600,2022-01-06,50,76.7,17797.6,17756.69,17793.85,17818.6,210.25,234.0,True,10512.5,67.28,1120.22
2022-01-18,2022-01-19,PE,18300,2022-01-20,50,17.6,18097.6,18201.36,18109.85,18058.45,207.0,260.85,True,10350.0,68.69,2623.810000000001
2022-01-28,2022-01-31,PE,17300,2022-02-03,50,28.7,17088.3,17178.08,17088.85,17317.9,348.35,227.0,True,17417.5,71.42,-6138.920000000001
2022-02-14,2022-02-15,PE,17050,2022-02-17,50,28.0,16837.05,16913.53,16862.0,16973.65,276.95,191.1,True,13847.5,67.06,-4359.56
2022-02-15,2022-02-16,CE,17150,2022-02-17,50,77.6,17351.6,17272.7,17339.75,17378.55,257.8,286.2,True,12890.0,71.78,1348.219999999999
2022-02-23,2022-02-24,PE,17250,2022-02-24,50,26.3,17047.75,17124.37,17064.45,16693.6,187.65,556.4003999999986,False,9382.5,84.7,18352.81999999993
2022-03-08,2022-03-09,CE,15800,2022-03-10,50,75.9,16017.75,15911.69,16018.0,16068.1,309.65,312.7,True,15482.499999999998,74.98,77.52000000000056
2022-03-14,2022-03-15,CE,16700,2022-03-17,50,70.5,16873.25,16839.78,16881.1,16897.1,316.0,303.15,True,15800.0,74.65,-717.1500000000011
2022-03-16,2022-03-17,CE,16750,2022-03-17,50,72.5,16978.45,16922.87,16972.05,17218.65,288.25,466.95,True,14412.5,82.97,8852.03
2022-03-22,2022-03-23,CE,17100,2022-03-24,50,72.5,17317.45,17269.8,17306.95,17416.15,290.05,349.75,True,14502.5,76.42,2908.5799999999995
2022-04-01,2022-04-04,CE,17450,2022-04-07,50,83.1,17670.3,17598.7,17656.5,17853.5,275.65,407.15,True,13782.499999999998,79.18,6495.82
2022-04-19,2022-04-20,PE,17250,2022-04-21,50,14.0,16962.55,17154.98,17026.6,17092.55,281.9,212.85,True,14094.999999999998,68.44,-3520.939999999999
2022-04-26,2022-04-27,CE,17000,2022-04-28,50,70.2,17211.45,17150.07,17205.25,17085.8,236.95,146.1,True,11847.5,63.21,-4605.71
2022-04-29,2022-05-02,PE,17300,2022-05-05,50,21.2,17071.15,17242.68,17083.6,16983.2,268.1,348.25,True,13405.000000000002,75.62,3931.879999999999
2022-05-10,2022-05-11,PE,16450,2022-05-12,50,28.9,16239.5,16314.36,16256.45,16277.1,229.25,208.25,True,11462.5,66.46,-1116.46
2022-05-13,2022-05-16,PE,15950,2022-05-19,50,22.9,15753.05,15887.48,15768.95,15826.95,265.0,261.55,True,13250.0,70.63,-243.12999999999943
2022-05-20,2022-05-23,CE,16100,2022-05-26,50,71.6,16279.45,16225.63,16276.75,16240.4,269.15,260.35,True,13457.499999999998,70.7,-510.6999999999977
2022-05-23,2022-05-24,PE,16400,2022-05-26,50,26.4,16210.4,16272.55,16218.9,16245.35,269.9,260.3,True,13494.999999999998,70.72,-550.7199999999983
2022-05-31,2022-06-01,PE,16800,2022-06-02,50,24.4,16556.8,16638.84,16596.55,16637.7,236.0,206.05,True,11800.0,66.55,-1564.0499999999995
2022-06-03,2022-06-06,PE,16800,2022-06-09,50,25.3,16577.15,16641.68,16584.75,16554.8,273.0,283.35,True,13650.0,72.12,445.38000000000113
2022-07-01,2022-07-04,CE,15550,2022-07-07,50,70.1,15747.35,15691.76,15747.35,15718.9,266.4,238.25,True,13319.999999999998,69.37,-1476.869999999999
2022-07-04,2022-07-05,CE,15650,2022-07-07,50,73.4,15841.1,15797.43,15843.3,15933.45,241.25,295.2,True,12062.5,71.75,2625.7499999999995
2022-07-15,2022-07-18,CE,15850,2022-07-21,50,71.5,16053.25,16006.82,16049.15,16181.1,256.05,352.15,True,12802.5,75.44,4729.559999999999
2022-07-27,2022-07-28,CE,16450,2022-07-28,50,70.1,16643.65,16608.87,16642.95,16769.65,222.6,325.95,True,11130.0,72.87,5094.63
2022-07-29,2022-08-01,CE,16950,2022-08-04,50,70.7,17159.8,17109.14,17151.8,17156.45,260.9,280.1,True,13044.999999999998,71.54,888.4600000000023
2022-08-03,2022-08-04,CE,17200,2022-08-04,50,80.2,17401.15,17329.65,17385.1,17454.0,198.7,269.8,True,9935.0,68.92,3486.080000000001
2022-08-30,2022-09-01,CE,17550,2022-09-01,50,78.1,17762.8,17695.35,17766.95,17551.1,260.8,73.35,True,13040.0,59.89,-9432.39
2022-09-20,2022-09-21,PE,18000,2022-09-22,50,28.6,17804.55,17861.56,17818.25,17816.1,214.25,242.65,True,10712.5,67.9,1352.1000000000001
2022-09-28,2022-09-29,PE,17100,2022-09-29,50,27.1,16861.0,16914.64,16876.0,17015.1,232.7,111.4,True,11635.0,61.11,-6126.109999999999
2022-10-11,2022-10-12,PE,17200,2022-10-13,50,19.6,16980.45,17070.86,17011.05,16998.6,227.0,229.8,True,11350.0,67.6,72.40000000000057
2022-10-14,2022-10-17,PE,17400,2022-10-20,50,29.5,17180.5,17230.94,17182.65,17155.85,258.5,291.0,True,12925.0,72.08,1552.92
2022-10-31,2022-11-01,CE,17800,2022-11-03,50,76.6,18017.95,17981.14,18014.2,18093.6,246.35,320.05,True,12317.5,73.32,3611.6800000000007
2022-11-04,2022-11-07,CE,17950,2022-11-10,50,82.1,18124.1,18076.43,18126.1,18217.9,240.0,301.65,True,12000.0,72.07,3010.429999999999
2022-11-07,2022-11-09,CE,18000,2022-11-10,50,71.8,18202.25,18158.14,18202.9,18258.3,231.0,276.0,True,11550.0,70.33,2179.67
2022-11-15,2022-11-16,CE,18200,2022-11-17,50,79.1,18406.6,18351.39,18398.3,18388.55,224.55,203.8,True,11227.5,66.05,-1103.55
2022-11-18,2022-11-21,CE,18100,2022-11-24,50,75.4,18322.55,18265.97,18320.4,18221.9,289.05,180.45,True,14452.5,66.85,-5496.850000000001
2022-11-22,2022-11-23,CE,18050,2022-11-24,50,71.8,18249.45,18219.91,18241.15,18296.9,234.4,285.0,True,11720.0,70.95,2459.0499999999997
2022-11-30,2022-12-01,CE,18550,2022-12-01,50,80.9,18765.2,18692.25,18747.8,18871.95,190.15,316.7,True,9507.5,71.28,6256.219999999999
2022-12-19,2022-12-20,CE,18200,2022-12-22,50,75.5,18418.7,18385.26,18422.0,18328.55,276.1,168.45,True,13805.000000000002,65.75,-5448.250000000002
2022-12-20,2022-12-21,CE,18200,2022-12-22,50,80.9,18399.6,18326.68,18392.55,18468.8,209.5,272.5,True,10475.0,69.43,3080.57
2023-01-17,2023-01-18,CE,17850,2023-01-19,50,72.6,18059.0,18005.44,18056.8,18064.85,223.9,243.15,True,11195.0,68.25,894.25
2023-02-03,2023-02-06,CE,17650,2023-02-09,50,77.4,17854.3,17796.68,17854.05,17793.0,259.3,197.9,True,12965.0,66.86,-3136.8600000000006
2023-02-15,2023-02-16,CE,17800,2023-02-16,50,81.3,18015.1,17961.47,18008.95,18103.85,224.0,297.65,True,11200.0,71.32,3611.179999999999
2023-03-08,2023-03-09,CE,17550,2023-03-09,50,74.3,17756.6,17712.57,17758.25,17748.3,208.0,217.15,True,10400.0,66.26,391.2400000000003
2023-03-15,2023-03-16,PE,17150,2023-03-16,50,24.5,16964.45,17025.84,16974.05,16937.35,178.0,222.75,True,8900.0,65.59,2171.91
2023-03-20,2023-03-21,CE,16800,2023-03-23,50,73.5,16987.3,16926.46,16994.0,17044.95,239.5,290.0,True,11975.0,71.4,2453.6
2023-04-03,2023-04-05,CE,17200,2023-04-06,50,71.8,17404.1,17377.72,17395.55,17442.35,218.65,257.05,True,10932.5,68.86,1851.1400000000003
2023-04-24,2023-04-25,CE,17550,2023-04-27,50,76.0,17747.75,17716.0,17745.95,17722.45,220.7,203.15,True,11035.0,65.89,-943.3899999999991
2023-04-26,2023-04-27,CE,17600,2023-04-27,50,71.7,17816.4,17790.29,17817.25,17810.15,222.0,214.2,True,11100.0,66.55,-456.5500000000006
2023-04-28,2023-05-02,CE,17850,2023-05-04,50,80.2,18064.05,18001.78,18062.35,18124.15,233.75,304.45,True,11687.5,72.02,3462.9799999999996
2023-05-15,2023-05-16,PE,18600,2023-05-18,50,28.7,18390.0,18427.09,18401.0,18383.1,199.5,210.0,True,9975.0,65.58,459.42
2023-05-16,2023-05-17,PE,18500,2023-05-18,50,17.4,18283.2,18331.95,18296.85,18269.3,198.0,219.35,True,9900.0,66.06,1001.4399999999998
2023-05-19,2023-05-22,CE,18000,2023-05-25,50,78.7,18204.25,18169.88,18209.95,18227.55,243.95,241.95,True,12197.5,68.84,-168.84
2023-05-26,2023-05-29,CE,18300,2023-06-01,50,71.6,18505.0,18482.66,18506.35,18633.4,238.6,341.4,True,11930.0,74.26,5065.739999999999
2023-06-06,2023-06-07,CE,18400,2023-06-08,50,77.0,18608.6,18565.38,18602.0,18639.95,209.0,259.8,True,10450.0,68.7,2471.3000000000006
2023-06-07,2023-06-08,CE,18500,2023-06-08,50,77.4,18726.95,18702.91,18724.65,18741.25,231.8,243.0,True,11590.0,68.5,491.49999999999943
2023-06-20,2023-06-21,CE,18600,2023-06-22,50,75.7,18820.4,18769.41,18812.7,18813.75,226.35,218.3,True,11317.5,66.93,-469.42999999999915
2023-06-27,2023-06-28,CE,18600,2023-06-28,50,74.3,18824.8,18785.83,18820.7,18872.4,219.2,263.0,True,10960.0,69.21,2120.7900000000004
2023-06-30,2023-07-03,CE,19000,2023-07-06,50,79.3,19194.25,19162.58,19185.7,19275.2,210.8,284.6,True,10540.0,70.15,3619.8500000000004
2023-07-12,2023-07-13,PE,19600,2023-07-13,50,27.3,19371.7,19430.1,19380.2,19475.15,198.2,119.25,True,9910.0,60.42,-4007.9199999999996
2023-07-14,2023-07-17,CE,19350,2023-07-20,50,73.9,19566.45,19512.78,19549.35,19597.5,230.2,259.0,True,11510.0,69.35,1370.6500000000005
2023-07-17,2023-07-18,CE,19500,2023-07-20,50,76.3,19730.15,19673.75,19713.2,19784.25,221.85,281.75,True,11092.5,70.35,2924.6500000000005
2023-07-19,2023-07-20,CE,19650,2023-07-20,50,71.4,19833.2,19792.91,19835.15,19790.85,190.15,160.5,True,9507.5,62.48,-1544.9800000000002
2023-08-09,2023-08-10,CE,19450,2023-08-10,50,87.1,19639.0,19564.66,19629.95,19577.75,200.6,133.45,True,10030.0,61.3,-3418.8000000000006
2023-08-11,2023-08-14,PE,19600,2023-08-17,50,29.6,19415.85,19455.41,19421.45,19298.65,163.85,280.85,True,8192.5,68.4,5781.600000000002
2023-08-30,2023-08-31,PE,19550,2023-08-31,50,12.2,19344.5,19394.39,19342.5,19370.05,213.05,192.65,True,10652.5,65.05,-1085.0500000000002
2023-09-06,2023-09-07,CE,19400,2023-09-07,50,76.4,19615.25,19549.24,19624.05,19576.0,207.35,165.95,True,10367.5,63.35,-2133.3500000000004
2023-09-11,2023-09-12,CE,19800,2023-09-14,50,77.6,19997.65,19966.55,19999.0,20075.05,212.9,279.35,True,10645.0,69.92,3252.580000000001
2023-09-22,2023-09-25,PE,19900,2023-09-28,50,28.7,19663.65,19701.61,19675.95,19670.3,212.0,240.95,True,10600.0,67.73,1379.7699999999995
2023-09-29,2023-10-03,PE,19850,2023-10-05,50,26.4,19623.8,19678.83,19627.3,19529.6,228.15,316.35,True,11407.5,72.51,4337.490000000001
2023-10-04,2023-10-05,CE,19250,2023-10-05,50,72.0,19444.55,19401.72,19443.15,19535.95,202.0,278.95,True,10100.0,69.54,3777.9599999999996
2023-10-23,2023-10-25,PE,19500,2023-10-26,50,12.2,19272.7,19380.23,19287.05,19329.1,253.95,182.5,True,12697.5,65.82,-3638.3199999999997
2023-11-06,2023-11-07,CE,19200,2023-11-09,50,76.5,19416.5,19381.85,19414.0,19373.9,235.2,200.45,True,11760.0,66.21,-1803.71
2023-11-28,2023-11-29,CE,19700,2023-11-30,50,78.5,19896.15,19860.36,19885.65,19974.75,242.0,304.8,True,12100.0,72.31,3067.6900000000005
2023-11-29,2023-11-30,CE,19900,2023-11-30,50,79.5,20101.9,20074.21,20091.95,20113.0,235.4,229.0,True,11770.0,67.83,-387.83000000000027
2023-12-04,2023-12-05,CE,20500,2023-12-07,50,72.5,20678.3,20648.77,20677.7,20718.2,235.05,258.1,True,11752.5,69.45,1083.0500000000004
2023-12-05,2023-12-06,CE,20650,2023-12-07,50,70.5,20857.75,20824.38,20857.15,20931.3,235.35,312.3,True,11767.5,72.52,3774.980000000001
2023-12-08,2023-12-11,CE,20750,2023-12-14,50,70.9,20978.15,20932.73,20974.65,20986.7,290.5,295.45,True,14525.0,73.38,174.11999999999944
2023-12-13,2023-12-14,CE,20700,2023-12-14,50,70.2,20924.2,20877.6,20922.95,21114.8,241.65,393.65,True,12082.5,77.31,7522.689999999998
2023-12-15,2023-12-18,CE,21250,2023-12-21,50,85.0,21457.45,21375.37,21437.85,21394.25,281.3,229.35,True,14065.0,69.35,-2666.850000000001
2023-12-20,2023-12-21,PE,21400,2023-12-21,50,20.4,21142.35,21269.97,21175.9,21066.4,252.3,372.75,True,12615.0,76.48,5946.0199999999995
2023-12-27,2023-12-28,CE,21450,2023-12-28,50,77.0,21668.5,21589.78,21665.9,21735.4,257.25,295.75,True,12862.5,72.3,1852.7
2024-01-09,2024-01-10,PE,21750,2024-01-11,50,27.0,21542.05,21606.01,21554.6,21546.6,203.9,219.6,True,10195.0,66.26,718.7399999999994
2024-01-24,2024-01-25,CE,21250,2024-01-25,50,73.2,21456.05,21383.82,21442.75,21418.35,233.8,190.8,True,11690.0,65.62,-2215.62
2024-01-30,2024-01-31,PE,21700,2024-02-01,50,28.3,21527.35,21595.25,21503.75,21475.05,253.05,250.0,True,12652.5,69.59,-222.09000000000057
2024-03-06,2024-03-07,CE,22250,2024-03-07,50,75.3,22473.3,22414.33,22472.9,22478.45,272.25,252.3,True,13612.5,70.35,-1067.8499999999995
2024-04-02,2024-04-03,CE,22250,2024-04-04,50,70.7,22452.3,22427.73,22441.8,22360.5,220.1,139.0,True,11005.0,62.26,-4117.259999999999
2024-04-22,2024-04-23,CE,22100,2024-04-25,50,71.8,22347.4,22304.8,22324.9,22423.8,280.2,310.5,True,14010.0,73.89,1441.1100000000004
2024-04-29,2024-04-30,CE,22450,2024-05-02,25,72.1,22653.05,22619.09,22647.45,22673.5,263.0,276.65,True,6575.0,59.31,281.93999999999943
2024-04-30,2024-05-02,PE,22850,2024-05-02,25,17.1,22603.55,22708.45,22626.55,22637.7,200.5,191.6,True,5012.5,55.89,-278.39000000000016
2024-05-27,2024-05-28,PE,23150,2024-05-30,25,24.4,22938.75,23008.37,22934.05,22963.35,228.1,211.65,True,5702.5,56.91,-468.15999999999974
2024-06-25,2024-06-26,CE,23500,2024-06-27,25,72.1,23731.65,23690.81,23720.6,23716.5,268.7,246.85,True,6717.5,58.56,-604.81
2024-07-05,2024-07-08,CE,24150,2024-07-11,25,72.9,24342.05,24260.76,24337.05,24310.6,254.55,214.05,True,6363.75,57.41,-1069.91
2024-07-26,2024-07-29,CE,24600,2024-08-01,25,70.9,24849.05,24798.41,24821.8,24921.55,310.8,371.9,True,7770.0,62.78,1464.7199999999991
2024-07-30,2024-07-31,PE,25050,2024-08-01,25,28.3,24847.5,24915.64,24845.35,24896.85,200.0,181.05,True,5000.0,55.58,-529.3299999999997
2024-08-16,2024-08-19,CE,24350,2024-08-22,25,73.8,24554.35,24500.13,24546.15,24614.4,283.0,308.15,True,7075.0,60.52,568.2299999999994
2024-08-28,2024-08-29,PE,25250,2024-08-29,25,27.2,25050.45,25085.47,25055.5,25037.75,204.8,217.1,True,5120.0,56.68,250.81999999999954
2024-09-09,2024-09-10,CE,24750,2024-09-12,25,70.1,24940.55,24905.2,24941.85,24983.55,224.85,245.5,True,5621.25,57.81,458.4400000000001
2024-09-25,2024-09-26,CE,25800,2024-09-26,25,77.6,26017.55,25946.42,26001.3,26045.45,200.7,256.4,True,5017.5,57.72,1334.7799999999997
2024-10-22,2024-10-23,PE,24700,2024-10-24,25,24.8,24449.35,24549.57,24475.1,24491.55,241.45,226.45,True,6036.25,57.89,-432.89
2024-10-23,2024-10-24,PE,24650,2024-10-24,25,28.9,24427.2,24471.82,24442.95,24409.4,230.85,218.2,True,5771.25,57.48,-373.73000000000013
2024-10-29,2024-10-30,CE,24250,2024-10-31,25,71.9,24474.25,24410.39,24472.45,24360.3,266.35,181.45,True,6658.750000000001,56.58,-2179.080000000001
2024-11-12,2024-11-13,PE,24050,2024-11-14,25,29.3,23870.8,23942.2,23873.2,23808.75,200.0,248.3,True,5000.0,58.2,1149.3000000000002
2024-11-19,2024-11-21,PE,23750,2024-11-21,25,12.1,23492.55,23657.11,23525.55,23388.95,273.15,422.3,True,6828.749999999999,65.17,3663.580000000001
2024-12-20,2024-12-23,PE,23800,2024-12-26,25,17.0,23539.3,23671.26,23578.0,23775.9,284.9,144.75,True,7122.499999999999,55.49,-3559.2399999999993
2025-02-25,2025-02-27,PE,22750,2025-02-27,75,28.5,22552.4,22572.63,22563.3,22583.15,168.75,160.3,True,12656.25,69.83,-703.5799999999991
2025-03-18,2025-03-19,CE,22650,2025-03-20,75,78.0,22842.95,22796.39,22833.75,22859.75,236.1,274.05,True,17707.5,84.15,2762.1000000000013
2025-04-07,2025-04-08,CE,22000,2025-04-09,75,75.2,22184.65,22037.82,22183.5,22540.7,444.05,540.7000000000007,False,33303.75,119.37,7129.380000000054
2025-04-23,2025-04-24,CE,24150,2025-04-24,75,71.4,24334.8,24301.51,24339.8,24273.85,181.4,146.5,True,13605.0,68.79,-2686.2900000000004
2025-06-20,2025-06-23,CE,24950,2025-06-26,75,70.1,25116.6,25060.86,25126.35,24927.45,272.0,137.3,True,20400.0,70.83,-10173.33
2025-07-04,2025-07-07,CE,25250,2025-07-10,75,79.2,25462.8,25420.26,25463.95,25452.6,277.8,250.0,True,20835.0,82.98,-2167.980000000001
2025-07-08,2025-07-09,CE,25300,2025-07-10,75,79.8,25536.0,25479.97,25521.4,25490.6,265.2,225.75,True,19890.0,79.99,-3038.739999999999
2025-07-23,2025-07-24,CE,25050,2025-07-24,75,71.2,25229.35,25203.17,25226.55,25212.45,185.75,161.95,True,13931.25,70.57,-1855.5700000000008
2025-08-01,2025-08-04,PE,24750,2025-08-07,75,26.4,24545.65,24620.25,24544.55,24624.35,256.0,186.0,True,19200.0,75.47,-5325.47
2025-08-08,2025-08-11,PE,24600,2025-08-14,75,26.8,24349.2,24409.11,24376.8,24410.85,238.15,235.85,True,17861.25,80.16,-252.66000000000085
2025-08-11,2025-08-12,CE,24400,2025-08-14,75,72.1,24585.95,24550.8,24592.3,24578.85,234.1,216.75,True,17557.5,78.0,-1379.2499999999995
2025-08-18,2025-08-19,PE,25100,2025-08-21,75,27.7,24870.15,24910.18,24881.0,24904.45,218.45,214.45,True,16383.75,77.23,-377.23
2025-08-26,2025-08-28,PE,24900,2025-08-28,75,24.5,24695.0,24763.91,24717.75,24575.5,184.95,325.15,True,13871.25,87.86,10427.14
2025-08-29,2025-09-01,PE,24600,2025-09-02,75,29.1,24406.75,24473.83,24423.5,24513.55,178.8,92.95,True,13410.0,63.02,-6501.770000000001
2025-09-03,2025-09-04,CE,24500,2025-09-09,75,77.6,24725.35,24670.49,24724.2,24862.0,273.8,400.9,True,20535.0,98.86,9433.639999999998
2025-09-25,2025-09-26,PE,25100,2025-09-30,75,22.2,24883.3,24940.52,24887.65,24798.6,185.9,252.75,True,13942.5,80.21,4933.54
2025-10-23,2025-10-24,PE,26100,2025-10-28,75,20.7,25865.35,25959.4,25875.85,25855.35,186.8,222.75,True,14010.0,77.06,2619.189999999999
2025-11-10,2025-11-11,PE,25750,2025-11-11,75,27.8,25565.45,25608.51,25574.7,25526.6,146.25,204.1,True,10968.75,73.73,4265.02
2025-11-14,2025-11-17,CE,25750,2025-11-18,75,75.6,25930.2,25816.61,25933.05,25961.75,229.9,242.15,True,17242.5,80.55,838.2
2025-11-24,2025-11-25,PE,26150,2025-11-25,75,24.9,25954.4,26025.18,25965.95,25960.7,170.8,197.5,True,12810.0,73.85,1928.6499999999992
2026-02-01,2026-02-02,PE,25100,2026-02-03,65,28.7,24850.15,24990.45,24876.0,24824.4,308.4,357.6,True,20046.0,88.99,3109.010000000003
2026-02-02,2026-02-03,CE,24900,2026-02-03,65,72.9,25086.45,24989.1,25090.0,25852.25,200.5,896.8,True,13032.5,135.45,45124.05
2026-02-06,2026-02-09,CE,25500,2026-02-10,65,73.9,25698.5,25637.69,25693.25,25811.9,216.0,342.15,True,14040.0,84.9,8114.8499999999985
2026-02-16,2026-02-17,CE,25500,2026-02-17,65,72.3,25686.75,25630.75,25693.9,25580.45,217.75,113.75,True,14153.75,63.95,-6823.95
2026-02-18,2026-02-19,CE,25650,2026-02-24,65,73.4,25821.95,25776.43,25825.4,25870.0,252.8,254.0,True,16432.0,77.86,0.1399999999992616
2026-02-19,2026-02-20,PE,25700,2026-02-24,65,23.9,25447.6,25542.38,25496.35,25459.75,274.8,271.8,True,17862.0,80.13,-275.13
2026-02-27,2026-03-02,PE,25400,2026-03-02,65,22.3,25167.9,25271.29,25187.3,24929.85,246.55,508.6,True,16025.75,101.09,16932.16
2026-03-06,2026-03-09,PE,24650,2026-03-10,65,25.4,24441.1,24534.12,24460.3,23772.9,322.25,877.0999999999985,False,20946.25,137.16,35928.0899999999
2026-03-09,2026-03-10,CE,23850,2026-03-10,65,73.8,24047.7,23956.06,24035.9,24159.1,318.4,318.5,True,20696.0,85.68,-79.17999999999853
2026-03-16,2026-03-17,CE,23250,2026-03-17,65,72.4,23435.25,23327.91,23442.25,23380.5,263.0,166.7,True,17095.0,70.13,-6329.630000000001
2026-03-19,2026-03-20,PE,23200,2026-03-24,65,29.6,22987.25,23082.56,22992.8,23296.45,368.1,198.4,True,23926.5,76.08,-11106.580000000002
2026-03-27,2026-03-30,PE,23050,2026-03-30,65,24.8,22814.4,22871.72,22827.35,22508.2,342.1,542.85,True,22236.5,107.0,12941.75
2026-04-02,2026-04-06,CE,22550,2026-04-07,65,76.7,22760.4,22615.94,22746.25,22684.95,377.4,282.7,True,24531.0,84.1,-6239.599999999999
2026-04-06,2026-04-07,CE,22750,2026-04-07,65,72.4,22989.35,22904.4,22972.65,22770.35,327.2,102.9,True,21268.0,66.12,-14645.619999999999
2026-04-17,2026-04-20,CE,24150,2026-04-21,65,72.0,24354.55,24326.59,24355.6,24366.05,286.0,249.65,True,18590.0,78.42,-2441.1699999999996
2026-05-06,2026-05-07,CE,24150,2026-05-12,65,72.1,24321.35,24247.07,24328.05,24318.2,356.4,289.65,True,23166.0,84.13,-4422.88
2026-05-11,2026-05-12,PE,24000,2026-05-12,65,23.2,23805.75,23899.96,23811.85,23723.2,186.85,274.1,True,12145.25,77.8,5593.450000000002
2026-05-25,2026-05-26,CE,23850,2026-05-26,65,70.8,24035.25,24000.76,24027.2,24014.05,212.4,176.6,True,13806.0,69.57,-2396.570000000001
2026-05-29,2026-06-01,PE,23700,2026-06-02,65,17.5,23528.7,23715.51,23518.4,23630.55,146.35,127.1,True,9512.75,63.11,-1314.36
2026-06-10,2026-06-11,PE,23400,2026-06-16,65,19.9,23200.75,23290.66,23220.85,23128.6,261.95,344.1,True,17026.75,86.41,5253.340000000002
2026-06-12,2026-06-15,CE,23400,2026-06-16,65,81.0,23621.8,23545.95,23612.4,23949.7,303.6,549.7000000000007,False,19734.0,106.51,15889.990000000045
2026-06-18,2026-06-19,CE,24000,2026-06-23,65,72.3,24177.8,24121.41,24177.6,23976.15,234.2,118.75,True,15223.0,64.89,-7569.139999999999
2026-06-25,2026-06-29,PE,24250,2026-06-30,65,27.0,24056.0,24113.42,24069.4,24099.15,198.95,189.15,True,12931.75,70.34,-707.3399999999989
2026-07-09,2026-07-10,PE,24150,2026-07-14,65,27.4,23940.5,24020.93,23939.3,24156.85,256.15,105.7,True,16649.75,64.32,-9843.57
